Name,second_name,element_type,points_per_game,Team,total_points,minutes,goals_scored,assists,clean_sheets,goals_conceded,own_goals,penalties_saved,penalties_missed,yellow_cards,red_cards,saves,bonus,bps,influence,creativity,threat,ict_index,expected_goals,expected_assists,expected_goal_involvements,expected_goals_conceded,expected_goals_per_90,saves_per_90,expected_assists_per_90,expected_goal_involvements_per_90,expected_goals_conceded_per_90,goals_conceded_per_90,clean_sheets_per_90
Cedric Soares ,Alves Soares,DEF,1,Arsenal,3,59,0,0,0,0,0,0,0,0,0,0,0,15,2,4.3,0,0.6,0,0.02,0.02,0.39,0,0,0.03,0.03,0.59,0,0
Mohamed Elneny,Elneny,MID,2,Arsenal,6,25,0,1,0,0,0,0,0,0,0,0,0,16,4,2.1,10,1.6,0.08,0.01,0.09,0.13,0.29,0,0.04,0.33,0.47,0,0
Fabio Vieira,Ferreira Vieira,MID,2.2,Arsenal,24,290,1,3,1,2,0,0,0,0,1,0,0,67,82.8,88.8,85,25.5,1.25,0.64,1.89,1.83,0.39,0,0.2,0.59,0.57,0.62,0.31
Gabriel Dos Santos,dos Santos ,DEF,4.1,Arsenal,149,3042,3,1,16,26,1,0,0,4,0,0,8,676,675.8,121.9,379,117.9,4.48,0.65,5.13,26.18,0.13,0,0.02,0.15,0.77,0.77,0.47
Kai Havertz,Havertz,MID,4.9,Arsenal,180,2627,13,7,16,22,0,0,0,11,0,0,15,515,763.2,613.4,1027,240.2,12.36,3.88,16.23,21.03,0.42,0,0.13,0.55,0.72,0.75,0.55
Gabriel Jesus,Fernando de Jesus,FWD,3.1,Arsenal,85,1470,4,7,11,11,0,0,0,6,0,0,10,271,364.8,403,756,152.7,6.27,3.26,9.53,11.67,0.38,0,0.2,0.58,0.71,0.67,0.67
Jorginho,Frello Filho,MID,1.8,Arsenal,44,913,0,2,4,11,0,0,0,1,0,0,1,182,165.4,187.8,16,36.8,0.1,1.77,1.87,8.42,0.01,0,0.17,0.18,0.83,1.08,0.39
Jakub Kiwior,Kiwior,DEF,3.4,Arsenal,67,942,1,3,6,8,0,0,0,1,0,0,1,260,228.8,106.9,90,42.7,0.74,0.6,1.34,5.15,0.07,0,0.06,0.13,0.49,0.76,0.57
Gabriel Martinelli ,Martinelli Silva,MID,3.4,Arsenal,118,2010,6,5,10,23,0,0,0,1,0,0,6,404,500.4,717.1,795,200.8,6.36,5.18,11.53,14.88,0.28,0,0.23,0.51,0.67,1.03,0.45
Eddie Nketiah,Nketiah,FWD,2.6,Arsenal,71,1065,5,4,6,10,0,0,0,3,0,0,5,206,235,136.3,417,77.2,4.65,0.53,5.18,10.21,0.39,0,0.04,0.43,0.86,0.85,0.51
Martin Ødegaard,Ødegaard,MID,5.3,Arsenal,186,3098,8,10,19,23,0,0,0,2,0,0,26,703,910.4,1499.4,757,317,7.53,10.16,17.69,25.26,0.22,0,0.3,0.52,0.73,0.67,0.55
Thomas Partey,Partey,MID,1.7,Arsenal,24,785,0,0,5,5,0,0,0,3,0,0,0,142,117.6,122.9,37,27.8,0.43,0.58,1.01,8.45,0.05,0,0.07,0.12,0.97,0.57,0.57
Aaron Ramsdale,Ramsdale,GK,3.3,Arsenal,20,540,0,0,2,5,0,0,0,0,0,9,0,90,73.2,0,0,7.3,0,0.01,0.01,5.81,0,1.5,0,0,0.97,0.83,0.33
Bukayo Saka,Saka,MID,6.5,Arsenal,226,2922,16,9,16,27,0,0,0,4,0,0,29,776,1093.8,1319.8,1342,375.7,15.4,10.9,26.29,25.66,0.47,0,0.34,0.81,0.79,0.83,0.49
William Saliba,Saliba,DEF,4.3,Arsenal,164,3420,2,1,18,29,0,0,0,4,0,0,13,781,697.2,152.1,140,99.1,1.7,0.9,2.6,28.32,0.04,0,0.02,0.06,0.75,0.76,0.47
Emile Smith Rowe,Smith Rowe,MID,1.9,Arsenal,25,343,0,2,3,3,0,0,0,0,0,0,0,73,62.4,72.2,128,25.6,1.86,0.4,2.26,2.1,0.49,0,0.1,0.59,0.55,0.79,0.79
Takehiro Tomiyasu,Tomiyasu,DEF,3.2,Arsenal,70,1140,2,1,6,10,0,0,0,0,1,0,4,244,247,141.8,143,52.8,1.74,0.68,2.42,14.03,0.14,0,0.05,0.19,1.11,0.79,0.47
Leandro Trossard,Trossard,MID,4.1,Arsenal,138,1633,12,2,12,10,0,0,0,2,0,0,11,398,563.6,384.7,746,169.5,8.29,2.96,11.25,13.46,0.46,0,0.16,0.62,0.74,0.55,0.66
Benjamin White,White,DEF,4.9,Arsenal,182,2987,4,5,18,26,0,0,0,8,0,0,14,776,765.8,589.4,234,159,1.27,3.66,4.93,24.95,0.04,0,0.11,0.15,0.75,0.78,0.54
Oleksandr Zinchenko,Zinchenko,DEF,3.9,Arsenal,104,1717,1,2,9,15,0,0,0,2,0,0,16,468,395.4,474.8,133,100.4,0.6,2.65,3.25,12.33,0.03,0,0.14,0.17,0.65,0.79,0.47
David Raya,Raya Martin,GK,4.2,Arsenal,135,2880,0,0,16,24,0,1,0,2,0,46,6,569,413,0,0,41.1,0,0.04,0.04,22.51,0,1.44,0,0,0.7,0.75,0.5
Declan Rice,Rice,MID,4.3,Arsenal,165,3225,7,8,17,28,0,0,0,5,0,0,17,744,959.4,745.3,451,215.9,3.53,5.09,8.62,27.08,0.1,0,0.14,0.24,0.76,0.78,0.47
Reiss Nelson,Nelson,MID,1.1,Arsenal,16,256,0,0,1,1,0,0,0,1,0,0,0,58,42.8,87.7,39,16.9,0.18,0.43,0.61,2.18,0.06,0,0.15,0.21,0.77,0.35,0.35
Jurriën Timber,Timber,DEF,0,Arsenal,0,70,0,0,0,0,0,0,0,2,0,0,0,4,5.8,4.7,2,1.3,0,0.02,0.02,0.28,0,0,0.03,0.03,0.36,0,0
Ethan Nwaneri,Nwaneri,MID,1,Arsenal,1,13,0,0,0,0,0,0,0,0,0,0,0,3,2,12.3,4,1.8,0,0.05,0.05,0.13,0,0,0.35,0.35,0.9,0,0
Alexandre Moreno Lopera,Moreno Lopera,DEF,2.3,Aston Villa,49,1024,2,0,3,20,1,0,0,2,0,0,5,211,217.8,156.9,152,52.7,1.11,0.98,2.09,18.5,0.1,0,0.09,0.19,1.63,1.76,0.26
Leon Bailey,Bailey,MID,4.2,Aston Villa,148,2063,10,9,5,32,0,0,0,5,0,0,11,482,663.2,707.1,623,199.1,6.29,7.17,13.46,36.17,0.27,0,0.31,0.58,1.58,1.4,0.22
Matty Cash,Cash,DEF,2.2,Aston Villa,64,2138,2,2,3,36,1,0,0,8,0,0,4,337,465.2,231.8,378,107.1,4.41,2.47,6.88,36.78,0.19,0,0.1,0.29,1.55,1.52,0.13
Calum Chambers,Chambers,DEF,1.2,Aston Villa,6,149,0,1,0,6,0,0,0,1,0,0,0,37,39,12.2,0,5.1,0,0.01,0.01,4.89,0,0,0.01,0.01,2.95,3.62,0
Philippe Coutinho Correia,Coutinho Correia,MID,1,Aston Villa,2,24,0,0,0,1,0,0,0,0,0,0,0,7,4,2.8,12,1.8,0.15,0.02,0.17,0.68,0.56,0,0.08,0.64,2.55,3.75,0
Leander Dendoncker,Dendoncker,MID,2.5,Aston Villa,20,118,1,1,0,3,0,0,0,0,0,0,3,64,59.2,3.9,37,10,0.73,0.01,0.74,1.58,0.56,0,0.01,0.57,1.21,2.29,0
Diego Carlos Santos Silva,Santos Silva,DEF,2,Aston Villa,55,1809,0,0,6,36,0,0,0,4,0,0,1,338,370.4,59.8,100,53.2,1.95,0.35,2.3,33.17,0.1,0,0.02,0.12,1.65,1.79,0.3
Lucas Digne,Digne,DEF,2.6,Aston Villa,85,2405,1,4,6,41,0,0,0,7,0,0,5,420,448.4,601.7,200,125.1,0.99,3.49,4.48,41.65,0.04,0,0.13,0.17,1.56,1.53,0.22
Douglas Luiz ,Soares de Paulo,MID,4.2,Aston Villa,148,2994,9,5,6,57,0,0,0,12,0,0,25,666,761.8,867,381,201.1,6.69,4.86,11.55,52.79,0.2,0,0.15,0.35,1.59,1.71,0.18
Jhon Durán,Jhon Durán,FWD,2.2,Aston Villa,50,461,5,1,0,12,0,0,0,5,0,0,7,162,190.2,55.2,165,40.2,2.04,0.15,2.18,11.16,0.4,0,0.03,0.43,2.18,2.34,0
Tim Iroegbunam,Iroegbunam,MID,1.1,Aston Villa,10,157,0,0,0,7,0,0,0,0,0,0,0,29,18.6,4,0,2.1,0,0,0,4.95,0,0,0,0,2.84,4.01,0
Boubacar Kamara,Kamara,MID,2,Aston Villa,40,1653,0,1,7,22,0,0,0,7,1,0,1,247,256.2,292.7,44,59.1,0.13,1.39,1.52,24.68,0.01,0,0.08,0.09,1.34,1.2,0.38
Ezri Konsa Ngoyo,Konsa Ngoyo,DEF,2.6,Aston Villa,91,3069,1,1,7,54,0,0,0,5,0,0,7,562,554.4,170.6,223,95,2.56,1.01,3.57,52.28,0.08,0,0.03,0.11,1.53,1.58,0.21
Emiliano Martínez,Martínez,GK,3.4,Aston Villa,115,3015,0,0,8,48,2,0,0,4,0,95,19,640,802,20,0,82.2,0,0.01,0.01,49.87,0,2.84,0,0,1.49,1.43,0.24
John McGinn,McGinn,MID,3.4,Aston Villa,119,3000,6,5,7,54,0,0,0,9,1,0,9,502,640.4,690.7,360,169.4,5.01,4.99,10,49.85,0.15,0,0.15,0.3,1.5,1.62,0.21
Tyrone Mings,Mings,DEF,0,Aston Villa,0,30,0,0,0,2,0,0,0,0,0,0,0,5,3.6,13,5,2.2,0.01,0.16,0.17,1.08,0.03,0,0.48,0.51,3.24,6,0
Robin Olsen,Olsen,GK,3.4,Aston Villa,17,405,0,0,0,13,0,1,0,0,0,21,3,107,194.6,0,0,19.5,0,0,0,10.03,0,4.67,0,0,2.23,2.89,0
Jaden Philogene-Bidace,Philogene-Bidace,MID,1,Aston Villa,1,3,0,0,0,1,0,0,0,0,0,0,0,3,0.4,0.3,2,0.3,0,0,0,0.65,0,0,0,0,19.5,30,0
Jacob Ramsey,Ramsey,MID,1.8,Aston Villa,29,848,1,1,0,12,0,0,0,2,0,0,0,101,124,159.3,182,46.7,2.09,1.38,3.47,12.85,0.22,0,0.15,0.37,1.36,1.27,0
Youri Tielemans,Tielemans,MID,2.4,Aston Villa,77,1613,2,6,4,27,0,0,0,3,0,0,2,318,369.2,325.4,136,83.3,1.24,1.98,3.22,31.07,0.07,0,0.11,0.18,1.73,1.51,0.22
Bertrand Traoré,Traoré,MID,1,Aston Villa,2,10,0,0,0,0,0,0,0,0,0,0,0,6,3,0,0,0.3,0,0,0,0.77,0,0,0,0,6.93,0,0
Ollie Watkins,Watkins,FWD,6.2,Aston Villa,228,3222,19,13,7,56,0,0,0,4,0,0,29,752,1024.6,588.5,1420,302.8,16.74,4.02,20.76,55.05,0.47,0,0.11,0.58,1.54,1.56,0.2
Pau Torres,Torres,DEF,2.9,Aston Villa,85,2462,2,0,6,37,0,0,0,1,0,0,4,461,479.4,150.6,135,76.6,0.96,0.71,1.67,40,0.04,0,0.03,0.07,1.46,1.35,0.22
Moussa Diaby,Diaby,MID,3.7,Aston Villa,142,2168,6,8,8,40,0,0,0,1,0,0,10,429,515.4,617.8,675,180.6,7.4,4.24,11.64,35.75,0.31,0,0.18,0.49,1.48,1.66,0.33
Omari Kellyman,Kellyman,MID,1,Aston Villa,2,35,0,0,0,1,0,0,0,0,0,0,0,6,2.6,0.5,2,0.5,0.04,0,0.04,1.03,0.1,0,0,0.1,2.65,2.57,0
Nicolò Zaniolo,Zaniolo,MID,1.4,Aston Villa,34,824,2,0,2,13,0,0,0,7,0,0,0,36,146.8,120.1,357,61.9,2.67,0.7,3.37,14.17,0.29,0,0.08,0.37,1.55,1.42,0.22
Clément Lenglet,Lenglet,DEF,1.7,Aston Villa,24,1153,0,1,2,27,0,0,0,3,0,0,0,207,250.6,41.8,103,39.5,0.81,0.52,1.33,23.45,0.06,0,0.04,0.1,1.83,2.11,0.16
Kaine Kesler-Hayden,Kesler-Hayden,DEF,1,Aston Villa,3,5,0,0,0,0,0,0,0,0,0,0,0,9,0,0,0,0,0,0,0,0.11,0,0,0,0,1.98,0,0
Morgan Rogers,Rogers,MID,3.2,Aston Villa,35,636,3,1,2,13,0,0,0,3,0,0,0,114,177.8,118.4,150,44.5,1.35,0.33,1.68,14.55,0.19,0,0.05,0.24,2.06,1.84,0.28
Finley Munroe,Munroe,DEF,1,Aston Villa,1,3,0,0,0,0,0,0,0,0,0,0,0,3,0,1,0,0.1,0,0,0,0,0,0,0,0,0,0,0
Jaidon Anthony,Anthony,MID,1,Bournemouth,3,151,0,0,0,5,0,0,0,1,0,0,0,4,9,4.6,16,3,0.07,0.02,0.09,4.44,0.04,0,0.01,0.05,2.65,2.98,0
Philip Billing,Billing,MID,2.1,Bournemouth,60,1385,2,3,2,36,0,0,0,3,1,0,3,228,304.2,313.5,267,88.3,2.53,2.11,4.64,29.25,0.16,0,0.14,0.3,1.9,2.34,0.13
David Brooks,Brooks,MID,1.8,Bournemouth,23,271,1,1,0,7,0,0,0,1,0,0,2,71,88.2,112.4,113,31.4,2.45,0.47,2.92,6.08,0.81,0,0.16,0.97,2.02,2.32,0
Ryan Christie,Christie,MID,2.4,Bournemouth,90,2908,0,5,8,56,0,0,0,6,0,0,5,433,620.2,780.2,351,175.4,2.49,5.37,7.86,48.61,0.08,0,0.17,0.25,1.5,1.73,0.25
Lewis Cook,Cook,MID,2.3,Bournemouth,77,2787,0,3,8,51,0,0,0,5,1,0,5,446,520.2,681.9,67,127.2,0.42,2.92,3.34,50.3,0.01,0,0.09,0.1,1.62,1.65,0.26
James Hill,Hill,DEF,1,Bournemouth,5,74,0,0,0,1,0,0,0,0,0,0,0,22,32.6,2.2,0,3.5,0,0.01,0.01,1.34,0,0,0.01,0.01,1.63,1.22,0
Lloyd Kelly,Kelly,DEF,2.1,Bournemouth,48,1553,0,1,4,32,0,0,0,2,0,0,5,293,279,141.8,48,46.9,0.34,0.77,1.11,25.04,0.02,0,0.04,0.06,1.45,1.85,0.23
Justin Kluivert,Kluivert,MID,3.1,Bournemouth,100,1910,7,1,11,23,0,0,0,5,0,0,2,229,362.2,283.2,619,126.4,5.76,1.68,7.44,30.07,0.27,0,0.08,0.35,1.42,1.08,0.52
Chris Mepham,Mepham,DEF,1.6,Bournemouth,16,613,0,1,1,16,0,0,0,2,0,0,0,113,142.6,40,27,21,0.09,0.17,0.26,10.34,0.01,0,0.02,0.03,1.52,2.35,0.15
Kieffer Moore,Moore,FWD,1.8,Bournemouth,14,100,1,0,0,2,0,0,0,0,0,0,2,38,37.4,27.9,81,14.1,1.44,0.33,1.77,2.26,1.3,0,0.3,1.6,2.03,1.8,0
Norberto Neto,Murara Neto,GK,3.4,Bournemouth,110,2880,0,0,7,55,0,1,0,5,0,113,14,592,875.2,0,0,87.5,0,0.01,0.01,49.66,0,3.53,0,0,1.55,1.72,0.22
Dango Ouattara,Ouattara,MID,1.9,Bournemouth,56,1214,1,2,5,24,0,0,0,3,0,0,3,207,298.4,245.4,332,87.8,2.65,1.1,3.75,21.13,0.2,0,0.08,0.28,1.57,1.78,0.37
Joe Rothwell,Rothwell,MID,1.2,Bournemouth,13,380,0,0,0,12,0,0,0,0,0,0,0,54,45.8,63.9,5,11.6,0.06,0.22,0.28,11.24,0.01,0,0.05,0.06,2.66,2.84,0
Antoine Semenyo,Semenyo,FWD,3.2,Bournemouth,107,2099,8,4,8,33,0,0,0,6,0,0,14,363,506.8,411.2,748,166.8,4.69,2.19,6.87,34.41,0.2,0,0.09,0.29,1.48,1.41,0.34
Marcos Senesi,Senesi,DEF,3.3,Bournemouth,102,2239,4,5,6,44,0,0,0,13,0,0,13,486,735,311.2,147,119.7,1.98,2.27,4.25,40.83,0.08,0,0.09,0.17,1.64,1.77,0.24
Adam Smith,Smith,DEF,2.9,Bournemouth,80,2148,0,3,8,33,0,0,0,6,0,0,4,378,336.4,296.5,27,66.1,0.05,1.5,1.55,33.02,0,0,0.06,0.06,1.38,1.38,0.34
Dominic Solanke,Solanke,FWD,4.6,Bournemouth,175,3325,19,3,10,61,0,0,1,3,0,0,20,560,902,479.6,1348,272.7,19.64,2.11,21.75,56.58,0.53,0,0.06,0.59,1.53,1.65,0.27
Marcus Tavernier,Tavernier,MID,3,Bournemouth,89,2118,3,4,8,38,0,0,0,3,0,0,5,324,468.4,649.4,460,157.8,3.88,4.24,8.12,32.42,0.16,0,0.18,0.34,1.38,1.61,0.34
Hamed Traorè,Junior Traorè,MID,1,Bournemouth,3,44,0,0,0,1,0,0,0,0,0,0,0,10,12.8,14.8,30,5.7,0.17,0.01,0.18,0.84,0.35,0,0.02,0.37,1.72,2.05,0
Mark Travers,Travers,GK,4.8,Bournemouth,19,360,0,0,2,5,0,0,0,0,0,13,2,79,92.6,0,0,9.3,0,0,0,6.96,0,3.25,0,0,1.74,1.25,0.5
Illia Zabarnyi,Zabarnyi,DEF,2.3,Bournemouth,84,3330,1,0,8,67,0,0,0,5,0,0,3,583,686,111.1,117,91.5,1.13,0.55,1.68,58.38,0.03,0,0.01,0.04,1.58,1.81,0.22
Milos Kerkez,Kerkez,DEF,2.1,Bournemouth,59,1966,0,2,6,37,1,0,0,4,1,0,1,290,310,216.5,150,67.7,1.32,1.06,2.38,36.85,0.06,0,0.05,0.11,1.69,1.69,0.27
Ionuț Radu,Radu,GK,1,Bournemouth,2,180,0,0,0,7,0,0,0,0,0,5,0,31,33,0,0,3.3,0,0,0,2.76,0,2.5,0,0,1.38,3.5,0
Max Aarons,Aarons,DEF,1.4,Bournemouth,28,1233,0,1,2,35,0,0,0,1,0,0,0,199,179.6,114,27,31.8,0.04,0.89,0.93,26.75,0,0,0.06,0.06,1.95,2.55,0.15
Alex Scott,Scott,MID,1.8,Bournemouth,41,1003,1,1,3,25,0,0,0,3,0,0,3,163,197,294.7,116,60.7,0.82,1.06,1.88,17.89,0.07,0,0.1,0.17,1.61,2.24,0.27
Tyler Adams,Adams,MID,1.7,Bournemouth,5,118,0,0,0,3,0,0,0,0,0,0,1,28,24.6,14.1,10,4.9,0,0.03,0.03,1.81,0,0,0.02,0.02,1.38,2.29,0
Luis Sinisterra,Sinisterra,MID,2.1,Bournemouth,43,685,2,2,1,18,0,0,0,0,0,0,2,149,221.4,251.4,343,81.7,2.62,1.03,3.65,11.39,0.34,0,0.14,0.48,1.5,2.36,0.13
Romain Faivre,Faivre,MID,0.8,Bournemouth,4,37,0,0,0,1,0,0,0,1,0,0,0,9,5,2.5,13,1.8,0.15,0.03,0.18,0.14,0.36,0,0.07,0.43,0.34,2.43,0
Enes Ünal,Ünal,FWD,2.5,Bournemouth,40,317,2,4,1,9,0,0,0,1,0,0,3,99,142.4,58.6,242,43.7,2.84,0.13,2.97,4.49,0.81,0,0.04,0.85,1.27,2.56,0.28
Dominic Sadi,Sadi,MID,1,Bournemouth,1,1,0,0,0,0,0,0,0,0,0,0,0,3,0,0,0,0,0,0,0,0,0,0,0,0,0,0,0
Kristoffer Ajer,Ajer,DEF,2.4,Brentford,68,1826,2,1,5,33,0,0,0,5,0,0,3,323,406.8,166.6,223,79.7,1.22,2.68,3.9,29.41,0.06,0,0.13,0.19,1.45,1.63,0.25
Shandon Baptiste,Baptiste,MID,1.9,Brentford,19,222,1,1,0,5,0,0,0,1,0,0,0,83,92.4,54.8,60,20.6,0.89,0.36,1.25,3.21,0.36,0,0.15,0.51,1.3,2.03,0
Nathan Collins,Collins,DEF,2.6,Brentford,84,2649,1,1,7,51,0,0,0,3,0,0,8,489,653.8,151.5,180,98.7,1.59,0.95,2.54,41.61,0.05,0,0.03,0.08,1.41,1.73,0.24
Mikkel Damsgaard,Damsgaard,MID,2,Brentford,45,829,0,4,5,9,0,0,0,2,0,0,0,155,162.6,179.1,103,44.7,0.76,0.93,1.69,10.11,0.08,0,0.1,0.18,1.1,0.98,0.54
Josh Dasilva,Dasilva,MID,1,Brentford,3,22,0,0,0,0,0,0,0,0,0,0,0,6,6.8,15.4,14,3.6,0,0.23,0.23,0.1,0,0,0.94,0.94,0.41,0,0
Mark Flekken,Flekken,GK,3.2,Brentford,119,3285,0,1,7,63,0,0,0,3,0,115,12,685,921.2,40.3,0,96.2,0,0.14,0.14,54.01,0,3.15,0,0,1.48,1.73,0.19
Rico Henry,Henry,DEF,2.6,Brentford,13,401,0,1,1,5,0,0,0,1,0,0,0,74,72.8,67.9,17,15.7,0.07,0.9,0.97,5.12,0.02,0,0.2,0.22,1.15,1.12,0.22
Aaron Hickey,Hickey,DEF,1.9,Brentford,17,713,0,0,2,12,0,0,0,5,0,0,0,87,66.6,28.4,37,12.9,0.2,0.13,0.33,10.2,0.03,0,0.02,0.05,1.29,1.51,0.25
Vitaly Janelt,Janelt,MID,2.4,Brentford,93,3054,1,4,9,52,0,0,0,8,0,0,1,466,503.4,562.5,285,135.3,1.82,3.44,5.26,47.65,0.05,0,0.1,0.15,1.4,1.53,0.27
Mathias Jensen,Jensen,MID,3.1,Brentford,98,2201,3,4,9,45,0,0,0,5,0,0,10,422,481.2,689.3,135,130.4,0.71,4.89,5.6,36.36,0.03,0,0.2,0.23,1.49,1.84,0.37
Keane Lewis-Potter,Lewis-Potter,MID,2.4,Brentford,73,1428,3,2,6,29,0,0,0,0,0,0,1,186,280,203.8,573,105.6,6.42,1.66,8.07,20.21,0.4,0,0.1,0.5,1.27,1.83,0.38
Bryan Mbeumo,Mbeumo,MID,5.1,Brentford,127,1957,9,7,5,31,0,0,0,2,0,0,12,364,554.2,572.1,576,170.1,9.7,5.67,15.37,28.31,0.45,0,0.26,0.71,1.3,1.43,0.23
Ben Mee,Mee,DEF,2.4,Brentford,39,1272,2,1,1,28,0,0,0,1,1,0,3,210,334.8,88.2,118,54.2,1.57,0.78,2.35,24.8,0.11,0,0.06,0.17,1.75,1.98,0.07
Christian Nørgaard,Nørgaard,MID,2.4,Brentford,74,2504,2,1,6,51,0,0,0,8,0,0,3,414,501.8,396.2,316,121.8,3.61,2.44,6.05,43.31,0.13,0,0.09,0.22,1.56,1.83,0.22
Frank Onyeka,Onyeka,MID,1.5,Brentford,39,1147,1,2,1,27,0,0,0,8,0,0,0,150,259,178.3,189,62.6,2.09,1.44,3.53,21.94,0.16,0,0.11,0.27,1.72,2.12,0.08
Ethan Pinnock,Pinnock,DEF,2.7,Brentford,77,2521,2,0,5,46,0,0,0,1,0,0,5,479,653.2,63.4,221,94.2,2.01,0.83,2.84,39.14,0.07,0,0.03,0.1,1.4,1.64,0.18
Mads Roerslev ,Roerslev Rasmussen,DEF,2.2,Brentford,75,1975,1,2,5,40,0,0,0,1,0,0,3,354,382,281.3,94,76.3,1.05,1.34,2.39,37.71,0.05,0,0.06,0.11,1.72,1.82,0.23
Kevin Schade,Schade,MID,3,Brentford,33,327,2,2,1,5,0,0,0,0,0,0,2,81,105.8,58.3,100,26.2,1.29,0.72,2.01,3.58,0.36,0,0.2,0.56,0.99,1.38,0.28
Thomas Strakosha,Strakosha,GK,2,Brentford,4,135,0,0,0,2,0,0,0,0,0,6,0,24,42.8,0,0,4.3,0,0.01,0.01,1.68,0,4,0.01,0.01,1.12,1.33,0
Ivan Toney,Toney,FWD,3.4,Brentford,57,1449,4,3,3,30,0,0,0,5,0,0,4,159,289.6,206.5,524,101.7,5.72,1.51,7.23,27.82,0.36,0,0.09,0.45,1.73,1.86,0.19
Yoane Wissa,Wissa,FWD,3.9,Brentford,131,2488,12,4,11,40,0,0,0,7,0,0,15,457,592.8,384,769,173.2,10.54,1.82,12.36,37.55,0.38,0,0.07,0.45,1.36,1.45,0.4
Yegor Yarmoliuk,Yarmoliuk,MID,1.2,Brentford,33,670,0,0,4,9,0,0,0,2,0,0,0,95,98.4,66.9,127,29,0.94,1,1.94,9.42,0.13,0,0.13,0.26,1.27,1.21,0.54
Mathias Jorgensen,Jorgensen,DEF,2.1,Brentford,29,1086,1,0,2,24,0,0,0,4,0,0,3,179,216,94,90,40,0.74,0.55,1.29,19.72,0.06,0,0.05,0.11,1.63,1.99,0.17
Neal Maupay,Maupay,FWD,2.5,Brentford,76,1417,6,3,4,37,0,0,0,8,0,0,6,248,325.8,242.5,568,112.6,6.89,1.99,8.88,26.36,0.44,0,0.13,0.57,1.67,2.35,0.25
Sergio Reguilón,Reguilón,DEF,3,Brentford,74,1524,0,6,5,30,0,0,0,7,1,0,14,350,390.2,436.3,111,93.8,0.94,2.83,3.77,30.44,0.06,0,0.17,0.23,1.8,1.77,0.3
Michael Olakigbe,Olakigbe,MID,1,Brentford,8,51,0,0,0,0,0,0,0,0,0,0,0,14,4.8,4.1,27,3.5,0.14,0.02,0.16,0.7,0.25,0,0.04,0.29,1.24,0,0
Saman Ghoddos,Ghoddos,MID,1.4,Brentford,26,728,1,0,0,20,0,0,0,5,0,0,0,127,139.8,163.8,45,35.1,0.3,1.05,1.35,12.66,0.04,0,0.13,0.17,1.57,2.47,0
Myles Peart-Harris,Peart-Harris,MID,1,Brentford,3,11,0,0,0,0,0,0,0,0,0,0,0,6,2.2,10.9,2,1.5,0,0,0,0.07,0,0,0,0,0.57,0,0
Simon Adingra,Adingra,MID,3.1,Brighton,97,2220,6,1,4,38,0,0,0,3,0,0,8,330,477.6,507.8,751,173.4,4.19,3.26,7.45,36.64,0.17,0,0.13,0.3,1.49,1.54,0.16
Facundo Buonanotte,Buonanotte,MID,2.1,Brighton,57,1356,3,1,6,19,0,0,0,7,0,0,1,160,254.8,291.3,238,78.4,2.34,1.16,3.5,21.14,0.16,0,0.08,0.24,1.4,1.26,0.4
Mahmoud Dahoud,Dahoud,MID,1.6,Brighton,14,449,0,1,1,6,0,0,0,1,1,0,0,68,70.4,127.2,24,21.7,0.22,0.54,0.76,5.16,0.04,0,0.11,0.15,1.03,1.2,0.2
Lewis Dunk,Dunk,DEF,2.7,Brighton,89,2869,3,1,5,53,0,0,0,6,1,0,11,567,823,205.4,389,141.7,3.15,2.24,5.38,49.76,0.1,0,0.07,0.17,1.56,1.66,0.16
Julio Enciso,Enciso,MID,1.7,Brighton,20,468,0,2,0,12,0,0,0,2,0,0,0,62,81,131.7,157,36.9,1.38,1.28,2.66,9.71,0.27,0,0.25,0.52,1.87,2.31,0
Pervis Estupiñán,Estupiñán,DEF,3,Brighton,57,1242,2,3,3,26,1,0,0,4,0,0,7,291,350.8,382.6,156,89,1,2.22,3.22,26.5,0.07,0,0.16,0.23,1.92,1.88,0.22
Evan Ferguson,Ferguson,FWD,2.6,Brighton,69,1356,6,1,2,28,0,0,0,1,0,0,5,218,275,106.7,393,77.3,4.49,0.77,5.26,22.16,0.3,0,0.05,0.35,1.47,1.86,0.13
Billy Gilmour,Gilmour,MID,2,Brighton,61,2116,0,3,6,37,0,0,0,8,1,0,4,354,291.4,481.5,104,87.7,0.98,2.56,3.54,36.04,0.04,0,0.11,0.15,1.53,1.57,0.26
Pascal Groß,Groß,MID,4.2,Brighton,153,3112,4,10,7,50,0,0,0,6,0,0,29,724,988.6,1674.9,434,309.9,6.4,8.89,15.29,51.16,0.19,0,0.26,0.45,1.48,1.45,0.2
João Pedro,Junqueira de Jesus,FWD,3.4,Brighton,104,2037,9,3,5,38,0,0,1,2,0,0,12,406,622.4,578.8,932,213.4,12.01,4.64,16.65,32.63,0.53,0,0.21,0.74,1.44,1.68,0.22
Adam Lallana,Lallana,MID,1.2,Brighton,30,839,0,1,2,13,0,0,0,2,0,0,0,95,83,248.7,130,45.8,0.83,1.6,2.43,12.13,0.09,0,0.17,0.26,1.3,1.39,0.21
Tariq Lamptey,Lamptey,DEF,1.6,Brighton,31,908,0,3,1,20,0,0,0,3,0,0,0,155,144.6,173.7,60,37.6,0.34,0.9,1.24,14.35,0.03,0,0.09,0.12,1.42,1.98,0.1
Solly March,March,MID,5.6,Brighton,39,555,3,1,2,11,0,0,0,1,0,0,6,134,197.4,126.5,139,46.4,2.1,0.97,3.07,10.5,0.34,0,0.16,0.5,1.7,1.78,0.32
James Milner,Milner,MID,1.9,Brighton,28,770,0,2,4,12,0,0,0,3,0,0,0,146,152.8,253.5,61,46.8,0.29,2.18,2.47,12.81,0.03,0,0.25,0.28,1.5,1.4,0.47
Kaoru Mitoma,Mitoma,MID,3.9,Brighton,74,1485,3,7,1,27,0,0,0,4,0,0,7,252,327.6,375.1,636,134,3.49,3.56,7.05,24.64,0.21,0,0.22,0.43,1.49,1.64,0.06
Jakub Moder,Moder,MID,1.2,Brighton,21,608,0,0,1,13,0,0,0,2,0,0,0,89,87.2,82.3,84,25.4,0.78,0.67,1.45,12.6,0.12,0,0.1,0.22,1.87,1.92,0.15
Jason Steele,Steele,GK,2.5,Brighton,42,1530,0,0,2,34,0,0,0,0,0,43,5,300,382.2,0.1,0,38.2,0,0,0,24.86,0,2.53,0,0,1.46,2,0.12
Jan Paul van Hecke,van Hecke,DEF,2.2,Brighton,61,2368,0,0,5,38,0,0,0,4,0,0,3,454,631.8,176.4,175,98.5,1.42,0.93,2.35,37.22,0.05,0,0.04,0.09,1.41,1.44,0.19
Joël Veltman,Veltman,DEF,1.8,Brighton,49,1579,1,1,3,32,0,0,0,4,0,0,0,294,320.8,97.8,98,51.8,0.46,0.53,0.99,25.63,0.03,0,0.03,0.06,1.46,1.82,0.17
Bart Verbruggen,Verbruggen,GK,3.2,Brighton,68,1890,0,0,4,28,0,0,0,3,0,65,7,417,541.4,1,0,54.3,0,0,0,31.6,0,3.1,0,0,1.5,1.33,0.19
Adam Webster,Webster,DEF,1.7,Brighton,26,1142,0,0,2,22,1,0,0,2,0,0,2,212,252.2,89.3,54,39.7,0.5,0.33,0.83,18.16,0.04,0,0.03,0.07,1.43,1.73,0.16
Danny Welbeck,Welbeck,FWD,2.7,Brighton,79,1687,5,4,8,28,0,0,0,4,0,0,5,261,326.2,320.9,492,114,5.09,1.46,6.55,27.78,0.27,0,0.08,0.35,1.48,1.49,0.43
Igor Julio,dos Santos de Paulo,DEF,1.5,Brighton,37,1631,0,0,2,26,0,0,0,4,0,0,1,311,297.8,135.5,23,45.8,0.25,0.5,0.75,24.36,0.01,0,0.03,0.04,1.34,1.43,0.11
Jack Hinshelwood,Hinshelwood,MID,3.5,Brighton,42,866,3,0,2,17,0,0,0,1,0,0,5,155,200.2,118.9,230,55,2.1,0.36,2.46,14.3,0.22,0,0.04,0.26,1.49,1.77,0.21
Carlos Baleba,Baleba,MID,1.3,Brighton,34,1314,0,0,2,28,0,0,0,7,0,0,0,174,179.8,134.7,72,38.8,0.85,0.24,1.08,23.59,0.06,0,0.02,0.08,1.62,1.92,0.14
Anssumane Fati ,Fati Vieira,MID,1.7,Brighton,33,509,2,1,1,12,0,0,0,2,0,0,1,84,121.4,92.1,292,50.5,3.51,0.61,4.12,7.36,0.62,0,0.11,0.73,1.3,2.12,0.18
Mark O'Mahony,O'Mahony,FWD,0.7,Brighton,2,61,0,0,0,1,0,0,0,1,0,0,0,5,6,1.6,6,1.3,0.06,0,0.06,1.28,0.09,0,0,0.09,1.89,1.48,0
Benicio Baker-Boaitey,Baker-Boaitey,MID,0.8,Brighton,4,37,0,0,0,1,0,0,0,1,0,0,0,10,4.6,12.6,4,1.9,0.02,0.1,0.12,0.8,0.05,0,0.24,0.29,1.95,2.43,0
Valentín Barco,Barco,DEF,0.8,Brighton,5,307,0,0,0,9,0,0,0,1,0,0,0,33,44.8,69.6,39,15.5,0.2,0.38,0.58,5.1,0.06,0,0.11,0.17,1.5,2.64,0
Odeluga Offiah,Offiah,DEF,1,Brighton,4,126,0,0,0,3,0,0,0,0,0,0,0,21,6.4,5.5,4,1.6,0,0.03,0.03,2.56,0,0,0.02,0.02,1.83,2.14,0
Ameen Al-Dakhil,Al-Dakhil,DEF,1.5,Burnley,19,1055,1,0,0,26,1,0,0,1,0,0,0,127,193,42.8,84,32,1.28,0.54,1.81,20.63,0.11,0,0.05,0.16,1.76,2.22,0
Manuel Benson ,Hedilazio,MID,1,Burnley,8,110,0,0,0,5,0,0,0,0,0,0,0,22,17.6,26.4,30,7.5,0.07,0.18,0.25,4.54,0.06,0,0.15,0.21,3.71,4.09,0
Jordan Beyer,Beyer,DEF,2,Burnley,30,1234,0,1,2,23,0,0,0,6,0,0,4,236,330.8,46.1,35,41.3,0.56,0.19,0.75,20.87,0.04,0,0.01,0.05,1.52,1.68,0.15
Josh Brownhill,Brownhill,MID,2.4,Burnley,78,2248,4,2,2,56,0,0,0,4,1,0,2,365,499,501.5,234,123.5,1.81,2.04,3.85,47.82,0.07,0,0.08,0.15,1.91,2.24,0.08
Jack Cork,Cork,MID,1,Burnley,4,25,0,0,0,0,0,0,0,0,0,0,0,8,4.2,5.2,2,1.1,0,0.02,0.02,0.13,0,0,0.07,0.07,0.47,0,0
Josh Cullen,Cullen,MID,2.6,Burnley,65,2055,2,4,0,48,0,0,0,9,0,0,5,375,458,426.7,106,98.9,0.59,2.29,2.88,45.18,0.03,0,0.1,0.13,1.98,2.1,0
Hjalmar Ekdal,Ekdal,DEF,1.9,Burnley,15,436,0,0,1,8,0,0,0,2,0,0,3,77,76.6,15.9,15,10.7,0.06,0.01,0.07,7.91,0.01,0,0,0.01,1.63,1.65,0.21
Lyle Foster,Foster,FWD,3.1,Burnley,75,1898,5,3,2,43,0,0,0,0,1,0,4,229,364.2,263.4,467,109.6,4.36,1.27,5.63,40.47,0.21,0,0.06,0.27,1.92,2.04,0.09
Jóhann Berg Guðmundsson,Gudmundsson,MID,1.8,Burnley,48,1185,1,3,2,25,0,0,0,2,0,0,0,193,234.6,515.6,158,91,1.8,2.53,4.33,21.01,0.14,0,0.19,0.33,1.6,1.9,0.15
Arijanet Muric,Muric,GK,4.7,Burnley,47,900,0,0,0,16,1,1,0,0,0,64,12,241,513,40.3,0,55.3,0,0.05,0.05,20.43,0,6.4,0,0,2.04,1.6,0
Dara O'Shea,O'Shea,DEF,2.1,Burnley,69,2892,3,4,2,71,1,0,0,5,1,0,2,478,772,189.7,213,117.7,0.74,0.9,1.64,62.7,0.02,0,0.03,0.05,1.95,2.21,0.06
Michael Obafemi,Obafemi,FWD,1,Burnley,2,19,0,0,0,0,0,0,0,0,0,0,0,4,0,0.6,17,1.7,0.11,0.01,0.12,0.03,0.52,0,0.05,0.57,0.14,0,0
Connor Roberts,Roberts,DEF,0.9,Burnley,12,817,0,1,0,23,0,0,0,3,1,0,0,111,142.8,104.1,12,25.7,0,0.35,0.35,19.91,0,0,0.04,0.04,2.19,2.53,0
Jay Rodriguez,Rodriguez,FWD,2,Burnley,41,811,2,1,1,18,0,0,0,0,0,0,3,108,138.8,66.2,232,42.6,3.82,0.08,3.9,13.58,0.42,0,0.01,0.43,1.51,2,0.11
Charlie Taylor,Taylor,DEF,1.7,Burnley,47,2329,1,1,2,46,0,0,0,8,0,0,1,347,395.6,275.7,59,73.3,0.25,1.66,1.91,43.78,0.01,0,0.06,0.07,1.69,1.78,0.08
Victor da Silva,da Silva,DEF,1.9,Burnley,60,2311,0,3,2,44,0,0,0,1,0,0,2,259,305.4,200.8,228,73,1.7,1.13,2.82,45.62,0.07,0,0.04,0.11,1.78,1.71,0.08
Anass Zaroury,Zaroury,MID,0.7,Burnley,4,149,0,0,0,4,0,0,0,0,1,0,0,10,6.8,36.3,19,5.6,0.16,0.11,0.27,3.36,0.1,0,0.07,0.17,2.03,2.42,0
David Datro Fofana,Fofana,FWD,3.3,Burnley,50,876,4,1,1,18,0,0,0,1,0,0,8,133,212,111.7,273,59.2,4.58,0.3,4.88,16.91,0.47,0,0.03,0.5,1.74,1.85,0.1
Sander Berge,Berge,MID,2,Burnley,74,3002,1,2,2,70,0,0,0,8,1,0,3,430,533.6,446.3,161,114.3,2.04,1.66,3.7,66.96,0.06,0,0.05,0.11,2.01,2.1,0.06
Zeki Amdouni,Amdouni,FWD,2.5,Burnley,85,1953,5,1,5,41,0,0,0,2,0,0,11,243,372.8,246.5,509,112.4,5.55,1.22,6.77,35.7,0.26,0,0.06,0.32,1.65,1.89,0.23
James Trafford,Trafford,GK,2.5,Burnley,70,2520,0,0,2,62,0,0,0,2,0,106,5,533,903.6,3.3,0,90.7,0,0.04,0.04,49.37,0,3.79,0,0,1.76,2.21,0.07
Nathan Redmond,Redmond,MID,0.9,Burnley,11,132,0,0,0,5,0,0,0,1,0,0,0,38,23.8,52.5,18,9.4,0.03,0.37,0.4,3.92,0.02,0,0.25,0.27,2.67,3.41,0
Luca Koleosho,Koleosho,MID,2.7,Burnley,40,972,1,2,3,23,0,0,0,0,0,0,0,80,86.8,147.9,213,44.5,1.96,1.07,3.03,15.55,0.18,0,0.1,0.28,1.44,2.13,0.28
Jacob Bruun Larsen,Bruun Larsen,MID,2.6,Burnley,82,1235,6,0,3,23,0,0,0,1,0,0,7,237,335.8,416.5,448,119.5,4.65,1.44,6.09,24.35,0.34,0,0.1,0.44,1.77,1.68,0.22
Wilson Odobert,Odobert,MID,2.8,Burnley,82,2095,3,4,2,48,0,0,0,3,0,0,3,303,331,435.4,445,121.1,2.75,3.32,6.07,45.35,0.12,0,0.14,0.26,1.95,2.06,0.09
Hannes Delcroix,Delcroix,DEF,0.6,Burnley,7,584,0,0,0,25,0,0,0,2,0,0,0,88,110,57.8,42,20.9,0.35,0.12,0.47,15.91,0.05,0,0.02,0.07,2.45,3.85,0
Aaron Ramsey,Ramsey,MID,1.3,Burnley,18,522,0,0,0,17,0,0,0,1,0,0,0,62,51.2,28,53,12.7,0.35,0.48,0.82,11.33,0.06,0,0.08,0.14,1.95,2.93,0
Han-Noah Massengo,Massengo,MID,1,Burnley,3,14,0,0,0,0,0,0,0,0,0,0,0,11,2.8,0.1,0,0.3,0,0,0,0.72,0,0,0,0,4.63,0,0
Mike Trésor,Trésor,MID,1.2,Burnley,20,410,0,0,0,10,0,0,0,0,0,0,0,73,44.4,110.5,24,18,0.37,0.54,0.91,10.04,0.08,0,0.12,0.2,2.2,2.2,0
Lorenz Assignon,Assignon,DEF,1.7,Burnley,25,1235,1,2,0,32,0,0,0,3,1,0,3,140,270.2,176,119,56.6,0.42,1.55,1.97,33.62,0.03,0,0.11,0.14,2.45,2.33,0
Maxime Esteve,Esteve,DEF,0.9,Burnley,15,1310,0,0,0,28,0,0,0,6,0,0,0,157,229.2,38.9,29,29.9,0.27,0.16,0.43,27.6,0.02,0,0.01,0.03,1.9,1.92,0
Moisés Caicedo,Caicedo Corozo,MID,2.4,Chelsea,84,2865,1,3,7,50,0,0,0,11,0,0,6,466,613.6,403.2,68,108.2,0.42,2.01,2.43,46.79,0.01,0,0.06,0.07,1.47,1.57,0.22
Robert Sánchez,Sánchez,GK,3.7,Chelsea,59,1433,0,0,3,25,0,1,0,2,0,53,7,317,450.6,0.1,0,45.2,0,0,0,23.72,0,3.33,0,0,1.49,1.57,0.19
Andrey Nascimento ,Nascimento dos Santos,MID,1,Chelsea,1,7,0,0,0,0,0,0,0,0,0,0,0,1,0,0.5,3,0.2,0.06,0,0.06,0.02,0.77,0,0,0.77,0.26,0,0
Benoît Badiashile,Badiashile,DEF,1.9,Chelsea,35,1337,0,1,3,31,1,0,0,3,0,0,4,267,336.4,87.4,51,47.5,0.27,0.92,1.19,25.42,0.02,0,0.06,0.08,1.71,2.09,0.2
Trevoh Chalobah,Chalobah,DEF,3,Chelsea,39,949,1,0,3,14,0,0,0,1,0,0,4,221,250.8,45.4,38,33.4,0.2,0.16,0.36,15.26,0.02,0,0.02,0.04,1.45,1.33,0.28
Ben Chilwell,Chilwell,DEF,1.8,Chelsea,24,752,0,2,1,14,0,0,0,5,0,0,2,123,128.4,212.8,139,48,1.11,1.62,2.73,12.5,0.13,0,0.19,0.32,1.5,1.68,0.12
Carney Chukwuemeka,Chukwuemeka,MID,1.8,Chelsea,16,222,1,1,0,5,0,0,0,2,0,0,0,53,78.4,68.6,52,19.9,0.12,0.29,0.41,4.6,0.05,0,0.12,0.17,1.86,2.03,0
Levi Colwill,Colwill,DEF,2.8,Chelsea,65,1794,1,1,5,26,0,0,0,2,0,0,4,355,394.6,113.2,163,67.2,1.29,0.53,1.82,28.43,0.06,0,0.03,0.09,1.43,1.3,0.25
Marc Cucurella ,Cucurella Saseta,DEF,2.1,Chelsea,44,1783,0,3,4,33,1,0,0,10,0,0,3,318,384.4,283.9,122,79.3,1.16,1.01,2.17,31.18,0.06,0,0.05,0.11,1.57,1.67,0.2
Enzo Fernández,Fernández,MID,2.8,Chelsea,77,2208,3,3,5,47,0,0,1,7,0,0,4,369,527.2,567.7,369,146.3,5.72,3.78,9.5,40.13,0.23,0,0.15,0.38,1.64,1.92,0.2
Conor Gallagher,Gallagher,MID,3.5,Chelsea,129,3129,5,7,8,56,0,0,0,7,1,0,10,618,754.8,821.5,401,197.4,4.01,3.53,7.54,52.43,0.12,0,0.1,0.22,1.51,1.61,0.23
Malo Gusto,Gusto,DEF,2.7,Chelsea,74,1746,0,6,5,28,0,0,0,7,1,0,10,409,434.8,494.8,174,110.4,1.01,3.39,4.4,26.12,0.05,0,0.17,0.22,1.35,1.44,0.26
Reece James,James,DEF,1.1,Chelsea,11,416,0,2,0,13,0,0,0,0,2,0,0,106,137.4,172.1,61,37.1,0.3,1.36,1.66,11.31,0.06,0,0.29,0.35,2.45,2.81,0
Noni Madueke,Madueke,MID,3.3,Chelsea,76,1044,5,3,4,19,0,0,0,2,0,0,7,253,341.6,287.5,401,102.8,2.51,2.13,4.64,18.37,0.22,0,0.18,0.4,1.58,1.64,0.34
Mykhailo Mudryk,Mudryk,MID,3,Chelsea,94,1564,5,5,7,28,0,0,0,5,0,0,5,291,347.2,457.5,420,122.4,4.77,3.15,7.92,25.05,0.27,0,0.18,0.45,1.44,1.61,0.4
Nicolas Jackson,Jackson,FWD,4.1,Chelsea,142,2801,14,6,9,48,0,0,0,10,0,0,12,479,783.8,501.7,1098,237.7,18.14,3,21.14,47.46,0.58,0,0.1,0.68,1.52,1.54,0.29
Christopher Nkunku,Nkunku,FWD,2.6,Chelsea,29,437,3,0,0,12,0,0,0,0,0,0,4,96,134.6,74.5,222,42.7,2.47,0.37,2.84,8.74,0.51,0,0.08,0.59,1.8,2.47,0
Raheem Sterling,Sterling,MID,4,Chelsea,123,1972,8,4,5,38,0,0,0,7,0,0,8,323,502.8,473.7,747,172.1,6.39,4.33,10.72,32.83,0.29,0,0.2,0.49,1.5,1.73,0.23
Thiago Silva,Emiliano da Silva,DEF,3.2,Chelsea,98,2525,3,1,7,45,0,0,0,4,0,0,12,604,797,138.7,165,110.6,0.73,0.58,1.31,42.72,0.03,0,0.02,0.05,1.52,1.6,0.25
Cole Palmer,Palmer,MID,7.2,Chelsea,244,2617,22,11,7,46,0,0,0,7,0,0,32,844,1240.2,1022.5,1016,327.8,17.35,8.17,25.52,45.48,0.6,0,0.28,0.88,1.56,1.58,0.24
Ian Maatsen,Maatsen,MID,0.9,Chelsea,11,200,0,0,0,5,0,0,0,1,0,0,0,24,29.4,44.8,29,10.3,0.74,0.2,0.94,5.07,0.33,0,0.09,0.42,2.28,2.25,0
Axel Disasi,Disasi,DEF,2.3,Chelsea,71,2579,2,0,5,50,1,0,0,6,0,0,6,468,573.2,105.5,172,85.1,2.35,1.46,3.81,43.96,0.08,0,0.05,0.13,1.53,1.74,0.17
Lesley Ugochukwu,Ugochukwu,MID,1.1,Chelsea,13,296,0,0,1,6,0,0,0,2,0,0,0,62,60.8,44.4,4,10.9,0,0.14,0.14,7.59,0,0,0.04,0.04,2.31,1.82,0.3
Mason Burstow,Burstow,FWD,1,Chelsea,2,8,0,0,0,1,0,0,0,0,0,0,0,6,0.4,0.6,2,0.3,0,0,0,0.9,0,0,0,0,10.12,11.25,0
Romeo Lavia,Lavia,MID,1,Chelsea,1,32,0,0,0,0,0,0,0,0,0,0,0,2,3.6,1.9,0,0.6,0,0.01,0.01,0.33,0,0,0.03,0.03,0.93,0,0
Deivid Washington ,de Souza Eugenio,FWD,1,Chelsea,2,11,0,0,0,1,0,0,0,0,0,0,0,5,0,0.1,4,0.4,0.47,0,0.47,1.68,3.85,0,0,3.85,13.75,8.18,0
Djordje Petrovic,Petrovic,GK,3.1,Chelsea,71,1986,0,0,5,38,0,0,0,2,0,75,5,414,567.8,0,0,56.8,0,0,0,34.93,0,3.4,0,0,1.58,1.72,0.23
Alfie Gilchrist,Gilchrist,DEF,1.8,Chelsea,20,200,1,0,1,6,0,0,0,1,0,0,0,67,70.6,8.6,33,11.1,0.32,0.05,0.37,5.46,0.14,0,0.02,0.16,2.46,2.7,0.45
Alex Matos,Matos,MID,1,Chelsea,1,1,0,0,0,0,0,0,0,0,0,0,0,2,0,0,0,0,0,0,0,0,0,0,0,0,0,0,0
Cesare Casadei,Casadei,MID,1,Chelsea,11,71,0,0,0,3,0,0,0,0,0,0,0,38,19.8,27.4,2,5.1,0,0.08,0.08,3.48,0,0,0.1,0.1,4.41,3.8,0
Jimi Tauriainen,Tauriainen,MID,1,Chelsea,1,1,0,0,0,0,0,0,0,0,0,0,0,3,0,0,0,0,0,0,0,0.01,0,0,0,0,0.9,0,0
Josh Acheampong,Acheampong,DEF,1,Chelsea,1,5,0,0,0,0,0,0,0,0,0,0,0,4,15,0,0,1.5,0,0,0,0.57,0,0,0,0,10.26,0,0
Naouirou Ahamada,Ahamada,MID,0.8,Crystal Palace,16,332,0,0,0,14,0,0,0,2,1,0,0,52,41.2,25.2,61,12.9,0.4,0.12,0.52,8.93,0.11,0,0.03,0.14,2.42,3.8,0
Joachim Andersen,Andersen,DEF,3.2,Crystal Palace,121,3416,2,3,10,58,0,0,0,7,0,0,12,679,873.6,301.1,253,143.1,1.75,2.08,3.83,53.71,0.05,0,0.05,0.1,1.42,1.53,0.26
Jordan Ayew,Ayew,MID,3.1,Crystal Palace,109,2540,4,7,11,39,0,0,0,7,1,0,3,325,517.6,445.2,550,151.1,3.97,2.55,6.52,36.77,0.14,0,0.09,0.23,1.3,1.38,0.39
Nathaniel Clyne,Clyne,DEF,2.7,Crystal Palace,52,1335,0,1,5,16,0,0,0,0,0,0,0,259,179.6,67.8,21,27,0.21,0.21,0.42,21.65,0.01,0,0.01,0.02,1.46,1.08,0.34
Cheick Doucouré,Doucouré,MID,1.9,Crystal Palace,21,920,0,0,3,12,0,0,0,2,0,0,0,141,165.8,138.5,36,34.2,0.28,0.76,1.04,13.76,0.03,0,0.07,0.1,1.35,1.17,0.29
Odsonne Edouard,Edouard,FWD,2.6,Crystal Palace,79,1545,7,0,6,24,0,0,0,4,0,0,9,246,359.6,256.7,663,128,6.33,0.86,7.19,20.54,0.37,0,0.05,0.42,1.2,1.4,0.35
Eberechi Eze,Eze,MID,5,Crystal Palace,136,2054,11,5,8,28,0,0,0,3,0,0,11,490,740.4,810,735,228.7,9.12,5.66,14.78,32.39,0.4,0,0.25,0.65,1.42,1.23,0.35
Marc Guéhi,Guéhi,DEF,2.6,Crystal Palace,66,2020,0,1,6,32,0,0,0,2,0,0,6,397,417.8,106.6,35,56.1,0.58,1,1.58,31.51,0.03,0,0.04,0.07,1.4,1.43,0.27
Will Hughes,Hughes,MID,2,Crystal Palace,61,1886,0,2,8,38,0,0,0,6,0,0,2,252,319.2,338.6,67,72.3,0.31,1.7,2.01,30.83,0.01,0,0.08,0.09,1.47,1.81,0.38
Sam Johnstone,Johnstone,GK,3.4,Crystal Palace,68,1796,0,0,6,27,0,0,0,1,0,41,7,310,321.4,0,0,32.2,0,0,0,27.17,0,2.05,0,0,1.36,1.35,0.3
Jefferson Lerma ,Lerma ,MID,2.3,Crystal Palace,64,2399,1,1,5,46,0,0,0,8,0,0,4,338,417.6,366.1,240,102.4,2.61,1.78,4.39,38.16,0.1,0,0.07,0.17,1.43,1.73,0.19
Jean-Philippe Mateta,Mateta,FWD,4.7,Crystal Palace,165,2274,16,7,8,44,0,0,0,3,0,0,22,563,775,404,741,191.9,10.84,1.3,12.14,40.46,0.43,0,0.05,0.48,1.6,1.74,0.32
Remi Matthews,Matthews,GK,1,Crystal Palace,1,3,0,0,0,1,0,0,0,0,0,0,0,3,1,0,0,0.1,0,0,0,0.07,0,0,0,0,2.1,30,0
Tyrick Mitchell,Mitchell,DEF,3.2,Crystal Palace,119,3204,2,3,10,55,0,0,0,6,0,0,10,590,669.8,393.7,209,127.4,1.27,2.39,3.66,50.84,0.04,0,0.07,0.11,1.43,1.54,0.28
Michael Olise,Olise,MID,6.6,Crystal Palace,125,1272,10,6,3,19,0,0,0,0,0,0,21,438,627.6,568.7,556,175.4,5.32,4.96,10.28,18.89,0.38,0,0.35,0.73,1.34,1.34,0.21
Chris Richards,Richards,DEF,2.4,Crystal Palace,62,2091,1,1,4,38,0,0,0,3,0,0,4,370,456.2,87.5,108,65.2,0.6,0.17,0.77,33.16,0.03,0,0.01,0.04,1.43,1.64,0.17
Jairo Riedewald,Riedewald,MID,1.3,Crystal Palace,12,228,0,0,1,3,0,0,0,0,0,0,0,35,24.6,9.3,14,4.8,0.04,0.07,0.11,4.05,0.02,0,0.03,0.05,1.6,1.18,0.39
Jeffrey Schlupp,Schlupp,MID,2.3,Crystal Palace,66,1340,2,2,4,25,0,0,0,1,0,0,4,201,279.8,234.2,229,74.1,1.7,1.41,3.11,22.46,0.11,0,0.09,0.2,1.51,1.68,0.27
James Tomkins,Tomkins,DEF,0.8,Crystal Palace,3,8,0,0,0,2,0,0,0,0,0,0,0,12,3,0.3,0,0.3,0,0,0,0.78,0,0,0,0,8.78,22.5,0
Joel Ward,Ward,DEF,2.1,Crystal Palace,54,1978,0,1,5,34,1,0,0,4,0,0,0,304,348.2,79,41,46.8,0.88,0.25,1.13,30.96,0.04,0,0.01,0.05,1.41,1.55,0.23
Dean Henderson,Henderson,GK,2.7,Crystal Palace,48,1620,0,0,4,30,1,0,0,2,0,58,2,293,434.8,0,0,43.7,0,0.01,0.01,26.47,0,3.22,0,0,1.47,1.67,0.22
Matheus Franca,Franca,MID,1.6,Crystal Palace,16,224,0,2,0,7,0,0,0,1,0,0,0,47,36.4,77.7,53,16.5,0.33,0.46,0.79,3.49,0.13,0,0.18,0.31,1.4,2.81,0
Jesurun Rak-Sakyi,Rak-Sakyi,MID,1.3,Crystal Palace,8,132,0,0,1,3,0,0,0,0,0,0,0,21,23.2,28.2,58,11,0.41,0.14,0.54,3.21,0.28,0,0.1,0.38,2.19,2.05,0.68
David Ozoh,Ozoh,MID,0.9,Crystal Palace,8,148,0,0,0,5,0,0,0,1,0,0,0,27,25.2,4,0,2.9,0,0.01,0.01,3.06,0,0,0.01,0.01,1.86,3.04,0
Daniel Muñoz,Muñoz,DEF,3.5,Crystal Palace,56,1440,0,4,5,22,0,0,0,4,0,0,3,270,331,265.6,119,71.7,1.26,1.26,2.52,19.71,0.08,0,0.08,0.16,1.23,1.38,0.31
Adam Wharton,Wharton,MID,3.1,Crystal Palace,50,1296,0,3,7,16,0,0,0,2,0,0,4,222,255,287.9,29,57.3,0.38,1.5,1.87,18.04,0.03,0,0.1,0.13,1.25,1.11,0.49
André Gomes,Tavares Gomes,MID,1.7,Everton,20,505,1,0,3,7,0,0,0,4,0,0,0,64,72.8,88.3,81,24.1,0.32,0.43,0.75,8.51,0.06,0,0.08,0.14,1.52,1.25,0.53
Jarrad Branthwaite,Branthwaite,DEF,3.5,Everton,124,3116,3,1,12,44,0,0,0,8,0,0,10,621,789.4,67.2,185,104.3,1.62,1.29,2.91,49.43,0.05,0,0.04,0.09,1.43,1.27,0.35
Dominic Calvert-Lewin,Calvert-Lewin,FWD,3.2,Everton,101,2166,7,3,13,27,0,0,0,2,0,0,9,259,403,255.6,901,154.8,12.86,1.58,14.43,31.91,0.53,0,0.07,0.6,1.33,1.12,0.54
Seamus Coleman,Coleman,DEF,2.5,Everton,30,661,0,0,4,10,1,0,0,0,0,0,3,141,108.6,49.9,6,16.5,0,0.7,0.7,10.48,0,0,0.1,0.1,1.43,1.36,0.54
Abdoulaye Doucouré,Doucouré,MID,3.6,Everton,116,2632,7,3,12,36,0,0,0,7,0,0,7,335,462.4,456.5,687,161,8.7,1.51,10.21,42.26,0.3,0,0.05,0.35,1.45,1.23,0.41
James Garner,Garner,MID,2.4,Everton,87,3001,1,2,11,47,0,0,0,7,0,0,3,421,526.6,663.1,244,143.5,2.62,3.75,6.37,48.61,0.08,0,0.11,0.19,1.46,1.41,0.33
Ben Godfrey,Godfrey,DEF,2.5,Everton,37,1120,0,0,4,13,0,0,0,2,0,0,0,166,221.4,64.9,156,44.3,1.76,0.55,2.31,18.73,0.14,0,0.04,0.18,1.51,1.04,0.32
Idrissa Gueye,Gueye,MID,2.9,Everton,73,1885,4,0,7,25,0,0,0,8,0,0,10,337,406.8,237.1,154,79.7,1.25,0.82,2.07,29.41,0.06,0,0.04,0.1,1.4,1.19,0.33
Michael Keane,Keane,DEF,2,Everton,18,437,1,0,1,13,0,0,0,2,0,0,2,72,108.2,4.6,92,20.5,0.56,0.06,0.62,10.81,0.12,0,0.01,0.13,2.23,2.68,0.21
Dwight McNeil,McNeil,MID,3.5,Everton,124,2891,3,8,12,39,0,0,0,2,0,0,8,515,615.4,1110.8,400,212.7,3.26,7.9,11.16,45.06,0.1,0,0.25,0.35,1.4,1.21,0.37
Vitalii Mykolenko,Mykolenko,DEF,3.6,Everton,101,2469,2,1,9,37,0,0,0,1,0,0,9,452,517.4,239.8,211,96.8,1.49,1.07,2.56,39.97,0.05,0,0.04,0.09,1.46,1.35,0.33
Amadou Onana,Onana,MID,2.2,Everton,66,2085,2,0,5,38,0,0,0,5,0,0,5,304,354,282.7,254,89.5,2.22,1.39,3.61,36.94,0.1,0,0.06,0.16,1.59,1.64,0.22
Nathan Patterson,Patterson,DEF,1.7,Everton,34,1000,0,2,2,21,0,0,0,4,0,0,3,187,207.2,138.2,26,37.3,0.34,1.03,1.37,20.6,0.03,0,0.09,0.12,1.85,1.89,0.18
Jordan Pickford,Pickford,GK,4,Everton,153,3420,0,0,13,51,1,0,0,5,0,121,22,734,969.2,43.4,0,101.3,0,0.46,0.46,56.01,0,3.18,0.01,0.01,1.47,1.34,0.34
James Tarkowski,Tarkowski,DEF,3.1,Everton,117,3420,1,1,13,51,0,0,0,11,0,0,10,649,915.4,269.6,320,150.9,2.55,2.66,5.21,55.64,0.07,0,0.07,0.14,1.46,1.34,0.34
Ashley Young,Young,DEF,2.5,Everton,76,2277,0,1,9,34,1,0,0,5,1,0,3,375,284.8,365.2,87,74,0.67,1.51,2.18,37.73,0.03,0,0.06,0.09,1.49,1.34,0.36
Arnaut Danjuma ,Danjuma Groeneveld,MID,1.9,Everton,26,587,1,0,2,10,0,0,0,0,0,0,0,53,73.6,79.3,271,42.4,2.63,0.42,3.05,9.74,0.4,0,0.06,0.46,1.49,1.53,0.31
Lewis Dobbin,Dobbin,MID,1.5,Everton,18,226,1,0,1,3,0,0,0,1,0,0,0,54,68.4,50.5,59,17.7,0.34,0.12,0.46,3.72,0.14,0,0.05,0.19,1.48,1.19,0.4
Youssef Chermiti,Ramalho Chermiti,FWD,0.9,Everton,16,196,0,0,1,4,0,0,0,3,0,0,0,28,19.2,51.2,84,14.9,0.74,0.3,1.04,5.04,0.34,0,0.14,0.48,2.31,1.84,0.46
Thomas Cannon,Cannon,FWD,1,Everton,1,1,0,0,0,0,0,0,0,0,0,0,0,3,0,0,0,0,0,0,0,0.28,0,0,0,0,25.2,0,0
Tyler Onyango,Onyango,MID,1,Everton,1,1,0,0,0,0,0,0,0,0,0,0,0,3,0,0,0,0,0,0,0,0,0,0,0,0,0,0,0
Jack Harrison,Harrison,MID,3.2,Everton,92,2212,3,3,11,26,0,0,0,1,0,0,5,292,397.4,405.7,339,114.3,3.68,3.02,6.7,34.15,0.15,0,0.12,0.27,1.39,1.06,0.45
Beto Norbeto, Bercique Gomes Betuncal,FWD,1.7,Everton,50,943,3,0,2,20,0,0,1,2,0,0,3,105,158.8,139.6,425,71.3,6.46,0.3,6.76,18.11,0.62,0,0.03,0.65,1.73,1.91,0.19
Lewis Warrington,Warrington,MID,1,Everton,1,1,0,0,0,0,0,0,0,0,0,0,0,3,0,0,0,0,0,0,0,0,0,0,0,0,0,0,0
Armando Broja,Broja,FWD,1.7,Fulham,35,529,1,2,3,9,0,0,0,0,0,0,0,72,75.6,70.3,152,29,2.24,0.23,2.47,8.4,0.38,0,0.04,0.42,1.43,1.53,0.51
Alex Iwobi,Iwobi,MID,3.2,Fulham,102,2331,5,2,7,41,0,0,0,2,0,0,9,425,504.2,718.8,534,175.9,5.23,4.2,9.43,37.63,0.2,0,0.16,0.36,1.45,1.58,0.27
Andreas Pereira,Hoelgebaum Pereira,MID,3.4,Fulham,127,2611,3,7,14,40,0,0,0,6,0,0,7,459,503.6,1254.3,417,217.8,4.52,5.72,10.24,42.91,0.16,0,0.2,0.36,1.48,1.38,0.48
Tom Cairney,Cairney,MID,2.1,Fulham,70,1472,1,6,4,27,1,0,0,3,0,0,2,346,335.2,407.2,170,90.9,1.03,2.58,3.61,29.53,0.06,0,0.16,0.22,1.81,1.65,0.24
Bobby De Cordova-Reid,De Cordova-Reid,MID,2.8,Fulham,92,1410,6,3,3,29,0,0,0,4,0,0,7,290,330.6,255.3,325,90,4.55,1.12,5.67,28.79,0.29,0,0.07,0.36,1.84,1.85,0.19
Issa Diop,Diop,DEF,2.4,Fulham,43,1423,0,0,5,26,0,0,0,2,1,0,3,259,348.8,20.5,37,40.8,0.26,0.42,0.68,33.2,0.02,0,0.03,0.05,2.1,1.64,0.32
Bernd Leno,Leno,GK,3.5,Fulham,133,3420,0,0,10,61,1,0,0,3,0,134,15,782,1069.8,0.1,0,106.7,0,0,0,64.14,0,3.53,0,0,1.69,1.61,0.26
Sasa Lukic,Lukic,MID,1.8,Fulham,43,1113,1,0,5,20,0,0,0,3,0,0,0,157,192.4,155.6,115,46.2,1.49,0.46,1.95,22.86,0.12,0,0.04,0.16,1.85,1.62,0.4
Aleksandar Mitrović,Mitrović,FWD,1,Fulham,1,32,0,0,0,0,0,0,0,0,0,0,0,6,6.4,0.3,26,3.3,0.16,0.02,0.18,0.6,0.45,0,0.06,0.51,1.69,0,0
Rodrigo Muniz ,Muniz Carvalho,FWD,3.7,Fulham,97,1589,9,2,6,27,0,0,0,1,0,0,12,299,409,213.1,875,148.2,8.76,0.94,9.7,26.67,0.5,0,0.05,0.55,1.51,1.53,0.34
João Palhinha,Palhinha,MID,2.8,Fulham,91,2698,4,1,9,46,0,0,0,13,0,0,8,387,659.2,219,365,124.5,3.39,0.99,4.38,49.59,0.11,0,0.03,0.14,1.65,1.53,0.3
Tim Ream,Ream,DEF,2.2,Fulham,40,1503,1,0,3,31,0,0,0,2,1,0,4,267,339.8,18.2,45,40.4,0.96,0.16,1.12,34.03,0.06,0,0.01,0.07,2.04,1.86,0.18
Harrison Reed,Reed,MID,1.7,Fulham,47,1317,0,2,6,23,0,0,0,6,0,0,0,205,213.8,212.6,45,47.2,0.29,1.49,1.78,25.65,0.02,0,0.1,0.12,1.75,1.57,0.41
Antonee Robinson,Robinson,DEF,2.8,Fulham,104,3266,0,6,9,60,2,0,0,6,0,0,8,662,805.8,536.7,241,158.6,0.68,3.75,4.43,61.93,0.02,0,0.1,0.12,1.71,1.65,0.25
Kenny Tete,Tete,DEF,1.9,Fulham,27,863,1,0,2,21,0,0,0,2,0,0,0,161,195.2,93.4,67,35.6,0.86,0.46,1.32,22.97,0.09,0,0.05,0.14,2.4,2.19,0.21
Tosin Adarabioyo,Adarabioyo,DEF,3.3,Fulham,66,1616,2,0,6,25,0,0,0,2,0,0,2,327,431.8,39.3,152,62.4,0.78,0.32,1.1,28.19,0.04,0,0.02,0.06,1.57,1.39,0.33
Carlos Vinícius ,Alves Morais,FWD,1.7,Fulham,22,306,2,0,0,5,0,0,0,2,0,0,2,77,83.6,61.3,139,28.2,1.59,0.11,1.7,4.5,0.47,0,0.03,0.5,1.32,1.47,0
Harry Wilson,Wilson,MID,2.7,Fulham,94,1603,4,7,5,30,0,0,0,6,0,0,5,307,375,357.3,340,107.2,3.45,2.63,6.08,33.01,0.19,0,0.15,0.34,1.85,1.68,0.28
Raúl Jiménez,Jiménez,FWD,3,Fulham,72,1390,7,0,4,29,0,0,0,3,1,0,13,237,335.8,185.9,440,95.1,5.37,0.96,6.33,37.43,0.35,0,0.06,0.41,2.42,1.88,0.26
Willian Borges da Silva,Borges da Silva,MID,3,Fulham,94,2048,4,3,9,28,0,0,0,1,0,0,6,390,416.4,701.3,439,155.5,5.09,4.68,9.77,35.26,0.22,0,0.21,0.43,1.55,1.23,0.4
Calvin Bassey,Bassey,DEF,2.3,Fulham,66,2299,1,0,6,42,0,0,0,4,1,0,4,442,462.8,34.8,50,55,0.37,0.16,0.53,40.83,0.01,0,0.01,0.02,1.6,1.64,0.23
Adama Traore ,Diarra,MID,2.1,Fulham,36,363,2,3,0,13,0,0,0,2,0,0,1,113,164.2,108.1,140,41.3,1.49,0.88,2.37,11.28,0.37,0,0.22,0.59,2.8,3.22,0
Luke Harris,Harris,MID,2,Fulham,2,74,0,0,0,5,0,0,0,0,0,0,0,2,3.2,0.7,17,2.1,0.28,0.01,0.29,2.26,0.34,0,0.01,0.35,2.75,6.08,0
Timothy Castagne,Castagne,DEF,3.1,Fulham,105,2630,1,3,9,40,0,0,0,3,0,0,7,510,494.4,295,229,102.1,1.29,2.06,3.35,41.07,0.04,0,0.07,0.11,1.41,1.37,0.31
Fodé Ballo-Touré,Ballo-Touré,DEF,0.8,Fulham,5,65,0,0,0,1,0,0,0,1,0,0,0,18,13.6,2.2,2,1.9,0,0,0,1.18,0,0,0,0,1.63,1.38,0
Trent Alexander-Arnold,Alexander-Arnold,DEF,4.4,Liverpool,122,2153,3,5,8,28,0,0,0,6,0,0,19,590,601.8,1027.5,237,186.8,2.78,5.84,8.62,27.96,0.12,0,0.24,0.36,1.17,1.17,0.33
Alisson Becker,Ramses Becker,GK,3.8,Liverpool,107,2520,0,0,8,30,0,0,0,1,0,83,9,575,671.2,10.4,0,68.1,0,0,0,35.21,0,2.96,0,0,1.26,1.07,0.29
Stefan Bajcetic,Bajcetic,MID,1,Liverpool,1,25,0,0,0,2,0,0,0,0,0,0,0,3,7.8,0.3,0,0.8,0,0,0,0.88,0,0,0,0,3.17,7.2,0
Darwin Núñez,Núñez,FWD,3.7,Liverpool,132,2033,11,8,6,25,0,0,1,9,0,0,9,397,660.8,439.1,1223,232.4,16.23,4.37,20.6,25.33,0.72,0,0.19,0.91,1.12,1.11,0.27
Diogo Jota,Teixeira da Silva,FWD,5.2,Liverpool,110,1141,10,7,5,11,0,0,0,1,1,0,7,328,483.8,290.2,639,141.4,5.24,1.75,6.99,15.21,0.41,0,0.14,0.55,1.2,0.87,0.39
Harvey Elliott,Elliott,MID,2.8,Liverpool,96,1330,3,6,4,13,0,0,0,2,0,0,8,402,417.2,570,391,137.5,2.72,4.68,7.4,19.29,0.18,0,0.32,0.5,1.31,0.88,0.27
Cody Gakpo,Gakpo,FWD,3,Liverpool,106,1633,8,5,5,20,0,0,0,1,0,0,12,409,521.4,348.2,708,157.1,9.07,2.71,11.78,23.9,0.5,0,0.15,0.65,1.32,1.1,0.28
Joe Gomez,Gomez,DEF,2.4,Liverpool,76,1772,0,2,7,19,0,0,0,5,0,0,2,390,316,338.3,119,77.7,1.02,1.07,2.09,27.08,0.05,0,0.05,0.1,1.38,0.97,0.36
Curtis Jones,Jones,MID,1.7,Liverpool,40,1156,1,1,2,19,0,0,0,3,1,0,2,171,174,203.2,195,57,2.74,1.04,3.78,19.42,0.21,0,0.08,0.29,1.51,1.48,0.16
Caoimhin Kelleher,Kelleher,GK,3.4,Liverpool,34,900,0,0,2,11,0,0,0,0,0,28,3,198,261.2,10,0,27,0,0.01,0.01,10.33,0,2.8,0,0,1.03,1.1,0.2
IbrahimaKonaté,Konaté,DEF,2.5,Liverpool,56,1570,0,0,6,19,0,0,0,3,1,0,2,315,357.4,139.9,87,58.5,0.7,0.47,1.17,21.42,0.04,0,0.03,0.07,1.23,1.09,0.34
Luis Díaz,Díaz,FWD,3.8,Liverpool,142,2625,8,7,7,33,0,0,0,3,0,0,9,413,613,844,1190,264.6,12.08,4.73,16.81,35.22,0.41,0,0.16,0.57,1.21,1.13,0.24
Alexis Mac Allister,Mac Allister,MID,3.3,Liverpool,109,2600,5,5,6,34,0,0,0,7,1,0,12,512,712.4,726.7,224,166.2,3.59,4.89,8.48,37.16,0.12,0,0.17,0.29,1.29,1.18,0.21
Joel Matip,Matip,DEF,2.1,Liverpool,21,779,0,0,2,9,1,0,0,2,0,0,0,145,192.8,33.3,35,26.1,0.48,0.11,0.59,11.21,0.06,0,0.01,0.07,1.3,1.04,0.23
Andrew Robertson,Robertson,DEF,3.3,Liverpool,76,1689,3,2,3,22,0,0,0,2,0,0,8,463,552.2,936.1,230,171.9,1.9,4.4,6.3,22.83,0.1,0,0.23,0.33,1.22,1.17,0.16
Mohamed Salah,Salah,MID,6.6,Liverpool,211,2531,18,10,8,30,0,0,2,2,0,0,24,621,1033.8,892.2,1531,346,20.89,7.47,28.36,32.22,0.74,0,0.27,1.01,1.15,1.07,0.28
Dominik Szoboszlai,Szoboszlai,MID,3,Liverpool,99,2102,3,4,8,23,0,0,0,1,0,0,7,437,423.4,830,377,162.8,3.64,5.13,8.77,25.06,0.16,0,0.22,0.38,1.07,0.98,0.34
Thiago Alcántara,Alcántara do Nascimento,MID,1,Liverpool,1,5,0,0,0,1,0,0,0,0,0,0,0,3,0.6,0.4,0,0.1,0,0,0,0.03,0,0,0,0,0.54,18,0
Kostas Tsimikas,Tsimikas,DEF,3.7,Liverpool,48,675,0,3,4,7,0,0,0,0,0,0,4,201,158.8,267.5,35,46.2,0.09,1.26,1.35,8.46,0.01,0,0.17,0.18,1.13,0.93,0.53
Virgil van Dijk,van Dijk,DEF,3.2,Liverpool,117,3177,2,2,9,40,0,0,0,3,1,0,8,662,911.2,176.3,449,153.8,2.88,1.04,3.92,45.72,0.08,0,0.03,0.11,1.3,1.13,0.25
Jarell Quansah,Quansah,DEF,2.9,Liverpool,49,1188,2,0,2,15,0,0,0,1,0,0,5,263,331.6,58.8,104,49.4,1.04,0.19,1.23,14.28,0.08,0,0.01,0.09,1.08,1.14,0.15
Bobby Clark,Clark,MID,1,Liverpool,5,86,0,0,0,0,0,0,0,0,0,0,0,7,11.6,5.3,19,3.6,0.14,0.01,0.15,1.75,0.15,0,0.01,0.16,1.83,0,0
Ben Doak,Doak,MID,1,Liverpool,1,13,0,0,0,0,0,0,0,0,0,0,0,3,0.2,0.8,0,0.1,0,0,0,0.14,0,0,0,0,0.97,0,0
James McConnell,McConnell,MID,1,Liverpool,3,3,0,0,0,0,0,0,0,0,0,0,0,8,1,0.4,0,0.1,0,0,0,0.01,0,0,0,0,0.3,0,0
Wataru Endo,Endo,MID,1.6,Liverpool,47,1714,1,0,6,16,0,0,0,10,0,0,0,250,281.6,269.5,53,60.1,0.51,1.53,2.04,22.42,0.03,0,0.08,0.11,1.18,0.84,0.32
Ryan Gravenberch,Gravenberch,MID,1.7,Liverpool,45,1110,1,0,3,17,0,0,0,0,0,0,3,176,187,229.4,198,61.5,2.08,1.35,3.43,15.05,0.17,0,0.11,0.28,1.22,1.38,0.24
Conor Bradley,Bradley,DEF,4.5,Liverpool,50,752,1,3,3,7,1,0,0,2,0,0,7,211,230.4,215.8,160,60.6,0.91,1.24,2.15,7.47,0.11,0,0.15,0.26,0.89,0.84,0.36
Owen Beck,Beck,DEF,1,Liverpool,1,7,0,0,0,0,0,0,0,0,0,0,0,2,5,0.3,0,0.5,0,0,0,0.95,0,0,0,0,12.21,0,0
Kaide Gordon,Gordon,MID,1,Liverpool,1,1,0,0,0,0,0,0,0,0,0,0,0,3,0.2,0.3,2,0.3,0,0,0,0.44,0,0,0,0,39.6,0,0
Jayden Danns,Danns,FWD,0.5,Liverpool,1,7,0,0,0,0,0,0,0,1,0,0,0,1,0,3.7,0,0.2,0,0.01,0.01,0.13,0,0,0.13,0.13,1.67,0,0
Albert Sambi Lokonga,Sambi Lokonga,MID,2.8,Luton Town,47,1304,1,3,2,31,0,0,0,4,0,0,4,231,289.8,154.9,56,49.9,0.55,0.79,1.34,25.2,0.04,0,0.05,0.09,1.74,2.14,0.14
Marvelous Nakamba,Nakamba,MID,1.6,Luton Town,21,1131,0,0,0,24,0,0,0,5,0,0,0,131,146.4,102.8,14,26.5,0.18,0.49,0.67,26.26,0.01,0,0.04,0.05,2.09,1.91,0
Elijah Adebayo,Adebayo,FWD,3.5,Luton Town,94,1405,10,1,2,36,0,0,0,1,0,0,9,288,413.6,177,527,111.8,5.47,0.44,5.91,29.29,0.35,0,0.03,0.38,1.88,2.31,0.13
Mads Juel Andersen,Andersen,DEF,1.9,Luton Town,15,397,1,0,0,6,0,0,0,1,0,0,1,75,126.8,1.8,27,15.6,0.26,0,0.26,7.64,0.06,0,0,0.06,1.73,1.36,0
Amari'i Bell,Bell,DEF,1.7,Luton Town,35,1720,0,0,2,41,0,0,0,0,0,0,3,263,358.2,119.6,50,52.7,0.38,0.43,0.81,38.68,0.02,0,0.02,0.04,2.02,2.15,0.1
Luke Berry,Berry,MID,1.8,Luton Town,31,309,2,1,0,8,0,0,0,1,0,0,0,94,112.6,29.7,117,25.6,0.99,0.15,1.14,9.8,0.29,0,0.04,0.33,2.85,2.33,0
Reece Burke,Burke,DEF,1.8,Luton Town,40,1659,0,4,1,37,0,0,0,5,0,0,2,260,406.4,172.4,131,70.9,1.86,0.92,2.78,36.53,0.1,0,0.05,0.15,1.98,2.01,0.05
Jordan Clark,Clark,MID,1.9,Luton Town,44,1297,1,1,1,41,0,0,0,4,0,0,3,156,198.8,187.5,177,56.5,1.1,1.19,2.29,31.01,0.08,0,0.08,0.16,2.15,2.85,0.07
Alfie Doughty,Doughty,DEF,2.7,Luton Town,101,2923,2,8,2,74,0,0,0,5,0,0,11,577,690.4,1126,318,213.3,1.39,5.55,6.94,67.6,0.04,0,0.17,0.21,2.08,2.28,0.06
Carlton Morris,Morris,FWD,3.8,Luton Town,146,2859,11,6,3,72,0,0,0,4,0,0,18,451,620.2,305.6,908,183.4,11.53,1.52,13.05,67.19,0.36,0,0.05,0.41,2.12,2.27,0.09
Chiedozie Ogbene,Ogbene,FWD,2.8,Luton Town,84,1987,4,4,2,47,0,0,0,1,0,0,7,387,412.6,378.3,486,127.7,4.47,3.5,7.97,46.3,0.2,0,0.16,0.36,2.1,2.13,0.09
Fred Onyedinma,Onyedinma,MID,1.4,Luton Town,11,403,0,0,0,14,0,0,0,1,0,0,0,19,36.2,32.8,71,14.1,0.15,0.42,0.57,11.15,0.03,0,0.09,0.12,2.49,3.13,0
Gabriel Osho,Osho,DEF,2,Luton Town,41,1846,2,0,2,47,0,0,0,3,0,0,1,286,448.6,37.9,103,59,1.09,0.16,1.25,45.02,0.05,0,0.01,0.06,2.19,2.29,0.1
James Shea,Shea,GK,1,Luton Town,1,14,0,0,0,0,0,0,0,0,0,2,0,8,11,0,0,1.1,0,0,0,0.43,0,12.86,0,0,2.76,0,0
Cauley Woodrow,Woodrow,FWD,1.4,Luton Town,33,406,1,1,0,11,0,0,0,2,0,0,3,118,127,127.1,103,35.8,1.32,0.85,2.17,10.92,0.29,0,0.19,0.48,2.42,2.44,0
Teden Mengi,Mengi,DEF,1.4,Luton Town,42,2467,1,0,1,59,0,0,0,3,0,0,1,345,579.6,83,95,76,0.54,0.56,1.1,55.92,0.02,0,0.02,0.04,2.04,2.15,0.04
Ryan Giles,Giles,DEF,1,Luton Town,11,498,0,0,0,14,0,0,0,0,0,0,0,81,83.2,108.7,38,23.1,0.12,0.56,0.68,14.04,0.02,0,0.1,0.12,2.54,2.53,0
Tom Lockyer,Lockyer,DEF,1.6,Luton Town,23,1169,1,1,0,23,1,0,0,4,0,0,1,162,286.2,39.2,80,40.6,0.99,0.29,1.28,27.64,0.08,0,0.02,0.1,2.13,1.77,0
Pelly Ruddock Mpanzu,Mpanzu,MID,1.3,Luton Town,35,1085,0,0,1,29,0,0,0,1,0,0,0,107,108.8,102.3,70,28,0.6,1.41,2.01,29.41,0.05,0,0.12,0.17,2.44,2.41,0.08
Tahith Chong,Chong,MID,2.4,Luton Town,78,1972,4,2,0,51,0,0,0,4,0,0,3,222,303.6,206.3,310,81.6,2.7,1.33,4.03,47.8,0.12,0,0.06,0.18,2.18,2.33,0
Issa Kaboré,Kaboré,DEF,1.4,Luton Town,34,1727,0,3,0,39,1,0,0,7,0,0,3,236,326.6,253,62,64,0.22,1.87,2.09,38.04,0.01,0,0.1,0.11,1.98,2.03,0
Thomas Kaminski,Kaminski,GK,2.3,Luton Town,86,3405,0,0,2,85,0,0,0,3,0,144,3,642,1116.6,10,0,112.2,0,0.04,0.04,79.15,0,3.81,0,0,2.09,2.25,0.05
Ross Barkley,Barkley,MID,3.2,Luton Town,101,2616,5,5,2,66,0,0,0,6,0,0,4,498,687.4,622.8,379,168.7,3.91,2.73,6.64,60.84,0.13,0,0.09,0.22,2.09,2.27,0.07
Jacob Brown,Brown,FWD,2.1,Luton Town,39,1013,2,1,1,26,0,0,0,4,0,0,3,115,162.6,116.4,249,52,2.81,0.44,3.25,27.75,0.25,0,0.04,0.29,2.47,2.31,0.09
Joseph Johnson,Johnson,DEF,0,Luton Town,0,75,0,0,0,5,0,0,0,1,0,0,0,5,1,0.9,0,0.2,0,0,0,1.82,0,0,0,0,2.18,6,0
Andros Townsend,Townsend,MID,2.3,Luton Town,61,1197,1,4,3,27,0,0,0,1,0,0,3,208,221.4,293.6,148,65.9,1.48,1.8,3.28,26.2,0.11,0,0.14,0.25,1.97,2.03,0.23
Zack Nelson,Nelson,MID,1,Luton Town,2,4,0,0,0,1,0,0,0,0,0,0,0,6,2,0.1,0,0.2,0,0,0,1,0,0,0,0,22.5,22.5,0
Daiki Hashioka,Hashioka,DEF,0.4,Luton Town,4,592,0,0,0,21,2,0,0,0,0,0,0,72,101.4,51.9,8,16.2,0.1,0.26,0.36,12.83,0.02,0,0.04,0.06,1.95,3.19,0
Manuel Akanji,Akanji,DEF,3.7,Manchester City,112,2512,2,0,11,23,0,0,0,2,1,0,8,560,536.4,298.7,137,97.4,1.77,1.79,3.56,25.72,0.06,0,0.06,0.12,0.92,0.82,0.39
Nathan Aké,Aké,DEF,3.4,Manchester City,99,2039,2,3,6,20,0,0,0,0,0,0,6,483,447.2,197.7,249,89.7,2.47,1.14,3.61,21.14,0.11,0,0.05,0.16,0.93,0.88,0.26
Julián Álvarez,Álvarez,FWD,4.4,Manchester City,158,2644,11,9,12,24,0,0,0,2,0,0,17,662,737,1005.2,992,273.3,13.07,6.28,19.35,25.52,0.44,0,0.21,0.65,0.87,0.82,0.41
Bernardo Silva,Veiga de Carvalho e Silva,FWD,4.3,Manchester City,141,2576,6,9,10,26,0,0,0,8,0,0,20,604,747.4,959.5,570,228,3.54,8.05,11.59,26.4,0.12,0,0.28,0.4,0.92,0.91,0.35
Oscar Bobb,Bobb,MID,2.1,Manchester City,30,294,1,2,1,5,0,0,0,0,0,0,2,112,105.4,147.1,107,36,1.5,1.1,2.6,2.91,0.46,0,0.34,0.8,0.89,1.53,0.31
Kevin De Bruyne,De Bruyne,MID,5.4,Manchester City,98,1219,4,10,7,8,0,0,0,2,0,0,11,415,527.6,901.1,406,183.6,2.4,6.9,9.3,10.92,0.18,0,0.51,0.69,0.81,0.59,0.52
Rúben Dias,Gato Alves Dias,DEF,2.9,Manchester City,88,2557,0,0,9,28,1,0,0,0,0,0,3,513,578.4,208.5,225,101.5,1.38,1.93,3.31,25.12,0.05,0,0.07,0.12,0.88,0.99,0.32
Ederson Moraes,Santana de Moraes,GK,3.4,Manchester City,112,2785,0,0,11,27,0,0,0,5,0,57,5,569,551.8,10,0,56,0,0.03,0.03,27.43,0,1.84,0,0,0.89,0.87,0.36
Phil Foden,Foden,MID,6.6,Manchester City,230,2860,19,8,14,27,0,0,0,2,0,0,31,866,1154.8,1157.8,1172,348.8,10.17,6.95,17.12,28.51,0.32,0,0.22,0.54,0.9,0.85,0.44
Jack Grealish,Grealish,MID,2.5,Manchester City,50,998,3,1,3,13,0,0,0,6,0,0,6,199,240.4,384.1,295,91.9,2.17,2.69,4.86,12.58,0.2,0,0.24,0.44,1.13,1.17,0.27
Erling Haaland,Haaland,FWD,7,Manchester City,217,2553,27,8,11,25,0,0,1,1,0,0,29,792,1094.6,367.2,1581,303.3,29.57,2.18,31.75,25.65,1.04,0,0.08,1.12,0.9,0.88,0.39
Mateo Kovačić,Kovačić,MID,2,Manchester City,59,1539,1,0,9,14,0,0,0,4,0,0,2,316,265,365.9,129,76,1.24,1.66,2.9,13.55,0.07,0,0.1,0.17,0.79,0.82,0.53
Aymeric Laporte,Laporte,DEF,1,Manchester City,1,11,0,0,0,0,0,0,0,0,0,0,0,4,11.4,0.1,17,2.9,0.12,0,0.12,0.07,0.98,0,0,0.98,0.57,0,0
Rico Lewis,Lewis,DEF,3.2,Manchester City,52,804,2,0,4,9,0,0,0,1,0,0,2,215,148,195.9,114,45.8,0.63,1.25,1.88,8.73,0.07,0,0.14,0.21,0.98,1.01,0.45
Stefan Ortega ,Ortega Moreno,GK,2.4,Manchester City,22,632,0,0,1,7,0,0,0,0,0,20,2,114,171.2,0,0,17.3,0,0,0,7.17,0,2.85,0,0,1.02,1,0.14
Rodrigo Hernandez,Hernandez,MID,4.7,Manchester City,159,2931,8,9,14,26,0,0,0,8,1,0,19,737,1043.8,894.8,484,242.3,3.99,6.15,10.14,29.89,0.12,0,0.19,0.31,0.92,0.8,0.43
Sergio Gómez,Gómez,DEF,1.5,Manchester City,9,48,0,1,0,2,0,0,0,0,0,0,0,24,22.6,23,10,5.6,0.32,0.19,0.51,1.42,0.6,0,0.36,0.96,2.66,3.75,0
John Stones,Stones,DEF,3.3,Manchester City,53,1061,1,0,5,9,0,0,0,2,0,0,3,239,188.4,128.4,70,38.7,1.06,0.4,1.46,12.27,0.09,0,0.03,0.12,1.04,0.76,0.42
Kyle Walker,Walker,DEF,3.8,Manchester City,123,2766,0,5,10,29,0,0,0,2,0,0,13,633,465.4,534.1,126,112.6,0.4,3.2,3.6,28.61,0.01,0,0.1,0.11,0.93,0.94,0.33
Matheus Luiz Nunes,Nunes,MID,1.7,Manchester City,32,831,0,2,2,13,0,0,0,0,1,0,1,118,146,221.3,150,51.8,0.89,1.71,2.6,10.39,0.1,0,0.19,0.29,1.13,1.41,0.22
Joško Gvardiol,Gvardiol,DEF,4.4,Manchester City,123,2327,4,2,9,23,0,0,0,3,0,0,12,549,544.4,362.2,389,129.7,3.14,2.09,5.23,23.88,0.12,0,0.08,0.2,0.92,0.89,0.35
Jeremy Doku,Doku,FWD,3.4,Manchester City,98,1585,3,8,1,19,0,0,0,3,0,0,13,391,524.2,640.2,875,203.9,2.57,5.85,8.42,16.21,0.15,0,0.33,0.48,0.92,1.08,0.06
Mason Mount,Mount,MID,1.6,Manchester United,23,509,1,0,1,13,0,0,0,2,0,0,0,93,105.8,107.6,64,27.9,0.37,0.37,0.74,9.95,0.07,0,0.07,0.14,1.76,2.3,0.18
Amad Diallo,Diallo,MID,2.6,Manchester United,23,385,1,1,1,6,0,0,0,1,0,0,3,68,117,123.8,114,35.2,0.53,0.47,1,7.66,0.12,0,0.11,0.23,1.79,1.4,0.23
Antony Matheus dos Santos,dos Santos,FWD,1.6,Manchester United,47,1311,1,1,3,26,0,0,0,5,0,0,0,184,247.8,327.7,347,91.8,3.38,1.83,5.21,25.18,0.23,0,0.13,0.36,1.73,1.78,0.21
Bruno Fernandes,Borges Fernandes,MID,4.7,Manchester United,166,3118,10,8,7,52,0,0,1,9,0,0,24,729,1101.6,1663,748,351.3,9.73,10.23,19.96,63.99,0.28,0,0.3,0.58,1.85,1.5,0.2
Casimiro Carlos Henrique,Casimiro,MID,2.3,Manchester United,58,1981,1,3,5,34,0,0,0,7,0,0,0,323,628.4,247.9,323,119.9,3.64,1.2,4.84,40.58,0.17,0,0.05,0.22,1.84,1.54,0.23
Diogo Dalot,Dalot Teixeira,DEF,3.1,Manchester United,111,3174,2,3,8,55,0,0,0,4,1,0,13,662,738.6,590.8,212,154.4,1.67,2.38,4.05,64.76,0.05,0,0.07,0.12,1.84,1.56,0.23
Christian Eriksen,Eriksen,MID,2.2,Manchester United,48,1134,1,2,2,27,0,0,0,1,0,0,4,248,255.4,400.5,93,75,0.97,2.46,3.43,20.08,0.08,0,0.2,0.28,1.59,2.14,0.16
Alejandro Garnacho,Garnacho,MID,3.6,Manchester United,131,2564,7,7,8,39,0,0,0,4,0,0,7,372,527.2,616.8,1103,224.3,8.23,2.81,11.04,51.56,0.29,0,0.1,0.39,1.81,1.37,0.28
Hannibal Mejbri,Mejbri,MID,2.2,Manchester United,11,131,1,0,1,1,0,0,0,1,0,0,0,34,48.2,29.8,13,9,0.03,0.48,0.51,3.48,0.02,0,0.33,0.35,2.39,0.69,0.69
Victor Lindelöf,Lindelöf,DEF,3.3,Manchester United,62,1328,1,1,5,16,0,0,0,2,0,0,7,291,263.8,125.9,105,49.6,0.69,0.43,1.12,25.99,0.05,0,0.03,0.08,1.76,1.08,0.34
Harry Maguire,Maguire,DEF,3.3,Manchester United,73,1650,2,4,4,29,0,0,0,3,0,0,6,351,493.4,90.9,192,77.7,1.94,0.97,2.91,36.68,0.11,0,0.05,0.16,2,1.58,0.22
Kobbie Mainoo,Mainoo,MID,3.2,Manchester United,77,1927,3,1,7,31,0,0,0,3,0,0,8,327,413.4,256.7,134,80.6,0.87,1.35,2.22,42.97,0.04,0,0.06,0.1,2.01,1.45,0.33
Anthony Martial,Martial,FWD,1.9,Manchester United,25,439,1,1,1,6,0,0,0,0,0,0,2,73,67.2,85,97,24.5,1.24,0.14,1.38,8.54,0.25,0,0.03,0.28,1.75,1.23,0.21
Lisandro Martínez,Martínez,DEF,1.4,Manchester United,15,643,0,1,1,12,1,0,0,3,0,0,0,134,144.4,45.7,4,19.4,0,0.08,0.08,11.65,0,0,0.01,0.01,1.63,1.68,0.14
Scott McTominay,McTominay,MID,3.1,Manchester United,98,1891,7,1,7,30,0,0,0,2,0,0,5,307,539.4,179.5,492,121.3,6,0.41,6.4,39.95,0.29,0,0.02,0.31,1.9,1.43,0.33
Facundo Pellistri ,Pellistri Rebollo,MID,1.4,Manchester United,13,164,0,1,0,2,0,0,0,0,0,0,0,36,47,19.3,66,13.3,0.51,0.39,0.9,4.17,0.28,0,0.21,0.49,2.29,1.1,0
Raphaël Varane,Varane,DEF,2,Manchester United,44,1370,1,0,3,23,0,0,0,2,0,0,2,273,356.2,35.3,85,47.7,0.81,0.36,1.17,27.29,0.05,0,0.02,0.07,1.79,1.51,0.2
Marcus Rashford,Rashford,MID,3.3,Manchester United,108,2264,7,3,7,37,0,0,0,2,0,0,0,330,453.2,358.6,672,148.3,7.13,2.8,9.93,48.29,0.28,0,0.11,0.39,1.92,1.47,0.28
Jadon Sancho,Sancho,MID,1,Manchester United,3,76,0,0,0,1,0,0,0,0,0,0,0,11,9.8,14.8,12,3.6,0,0.07,0.07,1.86,0,0,0.08,0.08,2.2,1.18,0
Luke Shaw,Shaw,DEF,2.6,Manchester United,31,960,0,1,4,13,0,0,0,6,0,0,0,195,197.2,199.3,29,42.6,0.05,0.89,0.94,20.17,0,0,0.08,0.08,1.89,1.22,0.38
Donny van de Beek,van de Beek,MID,1,Manchester United,1,2,0,0,0,0,0,0,0,0,0,0,0,3,0,10.3,6,1.6,0.04,0.03,0.07,0,1.8,0,1.35,3.15,0,0,0
Aaron Wan-Bissaka,Wan-Bissaka,DEF,2.1,Manchester United,47,1778,0,2,3,34,0,0,0,4,0,0,5,323,397.8,196.5,60,65.5,0.11,1.47,1.58,38.57,0.01,0,0.07,0.08,1.95,1.72,0.15
André Onana,Onana,GK,3.5,Manchester United,133,3420,0,0,9,58,0,0,0,5,0,149,10,741,1167.8,33.2,0,120.2,0,0.08,0.08,69.64,0,3.92,0,0,1.83,1.53,0.24
Rasmus Højlund,Højlund,FWD,3.7,Manchester United,112,2156,10,2,6,35,0,0,0,2,0,0,14,362,480.6,345.8,648,147,6.97,0.96,7.93,40.64,0.29,0,0.04,0.33,1.7,1.46,0.25
Omari Forson,Forson,MID,1.8,Manchester United,7,67,0,1,0,2,0,0,0,0,0,0,0,23,24.2,23.6,4,5.2,0.03,0.02,0.05,0.81,0.04,0,0.03,0.07,1.09,2.69,0
Daniel Gore,Gore,MID,1,Manchester United,1,1,0,0,0,0,0,0,0,0,0,0,0,5,3,0,0,0.3,0,0,0,0,0,0,0,0,0,0,0
Jonny Evans,Evans,DEF,2.1,Manchester United,49,1389,0,1,4,24,0,0,0,2,0,0,3,293,330.8,81.2,21,43.6,0.06,0.27,0.33,27.68,0,0,0.02,0.02,1.79,1.56,0.26
Sofyan Amrabat,Amrabat,MID,1.2,Manchester United,26,929,0,0,2,15,0,0,0,6,0,0,0,125,159,102.5,6,27,0.07,0.36,0.43,19.46,0.01,0,0.03,0.04,1.89,1.45,0.19
Willy Kambwala,Kambwala,DEF,0.6,Manchester United,5,325,0,0,0,10,0,0,0,1,0,0,0,48,53.8,2.4,0,5.5,0,0.01,0.01,8.51,0,0,0,0,2.36,2.77,0
Ethan Wheatley,Wheatley,FWD,1,Manchester United,3,13,0,0,0,0,0,0,0,0,0,0,0,6,2,0,0,0.2,0,0,0,0.32,0,0,0,0,2.22,0,0
Lewis Hall,Hall,DEF,2.1,Newcastle United,38,773,1,0,2,12,0,0,0,2,0,0,3,171,194.8,69.1,85,34.9,0.35,0.72,1.07,13.1,0.04,0,0.08,0.12,1.53,1.4,0.23
Miguel Almirón,Almirón,MID,2.3,Newcastle United,77,1930,3,1,5,40,0,0,0,2,0,0,4,277,299.8,369.7,434,110.1,4.57,2.39,6.96,38.15,0.21,0,0.11,0.32,1.78,1.87,0.23
Elliot Anderson,Anderson,MID,2,Newcastle United,42,1018,0,2,5,14,0,0,0,3,0,0,3,144,187.4,223.7,201,61.1,1.63,1.25,2.88,12.49,0.14,0,0.11,0.25,1.1,1.24,0.44
Sven Botman,Botman,DEF,3,Newcastle United,51,1375,2,2,3,29,1,0,0,2,0,0,4,298,386.8,62.9,104,55.5,0.62,0.54,1.16,31.58,0.04,0,0.04,0.08,2.07,1.9,0.2
Bruno Guimarães,Guimarães Rodriguez ,MID,4.1,Newcastle United,153,3264,7,8,10,60,0,0,0,8,0,0,15,691,968.4,948.7,489,241,4.91,6.2,11.11,58.64,0.14,0,0.17,0.31,1.62,1.65,0.28
Dan Burn,Burn,DEF,2.9,Newcastle United,97,2725,2,2,8,45,0,0,0,4,0,0,4,493,656.4,153.8,286,109.7,3.35,1.12,4.47,46.22,0.11,0,0.04,0.15,1.53,1.49,0.26
Martin Dubravka,Dubravka,GK,3.3,Newcastle United,75,1984,0,0,4,42,0,1,0,1,0,88,3,426,661,10,0,67.2,0,0,0,44.34,0,3.99,0,0,2.01,1.91,0.18
Anthony Gordon,Gordon,MID,5.2,Newcastle United,183,2896,11,10,12,48,0,0,0,10,1,0,14,594,822.6,843.7,905,256.7,10.03,5.4,15.42,51.73,0.31,0,0.17,0.48,1.61,1.49,0.37
Alexander Isak,Isak,FWD,5.7,Newcastle United,172,2253,21,4,7,41,0,0,1,1,0,0,23,645,877.4,362.5,1054,229.3,20.22,2.68,22.9,43.41,0.81,0,0.11,0.92,1.73,1.64,0.28
Joelinton Cassio,Apolinario Cassio,MID,2.2,Newcastle United,45,1276,2,1,3,23,0,0,0,6,0,0,3,209,295.2,314.9,206,81.6,2.82,1.09,3.91,25.3,0.2,0,0.08,0.28,1.78,1.62,0.21
Emil Krafth,Krafth,DEF,1.9,Newcastle United,33,909,0,0,3,15,0,0,0,2,0,0,1,187,164.2,145.4,28,33.8,0.2,0.76,0.96,12.94,0.02,0,0.08,0.1,1.28,1.49,0.3
Jamaal Lascelles,Lascelles,DEF,2.9,Newcastle United,46,1077,1,0,5,15,0,0,0,4,0,0,3,212,233,35.4,69,33.8,0.74,0.12,0.86,18.08,0.06,0,0.01,0.07,1.51,1.25,0.42
Sean Longstaff,Longstaff,MID,3.1,Newcastle United,110,2742,6,3,10,50,0,0,0,7,0,0,3,418,550,357.1,479,138.8,6.76,2.8,9.56,51.59,0.22,0,0.09,0.31,1.69,1.64,0.33
Jacob Murphy,Murphy,MID,3.9,Newcastle United,82,1184,3,8,5,21,0,0,0,1,0,0,4,312,377.8,453.4,270,110,2.23,3.35,5.58,18.42,0.17,0,0.25,0.42,1.4,1.6,0.38
Nick Pope,Pope,GK,3.8,Newcastle United,57,1345,0,0,6,16,0,0,0,1,0,43,1,279,323,0,4,32.7,0.02,0,0.02,15.92,0,2.88,0,0,1.07,1.07,0.4
Matt Ritchie,Ritchie,MID,1.3,Newcastle United,17,120,1,0,0,5,0,0,0,1,0,0,0,49,70,9.1,106,18.5,0.98,0.07,1.05,4.52,0.74,0,0.05,0.79,3.39,3.75,0
Fabian Schär,Schär,DEF,3.4,Newcastle United,123,3055,4,3,9,58,0,0,0,5,0,0,12,629,826.6,166.7,278,127.4,2.47,1.41,3.87,58.64,0.07,0,0.04,0.11,1.73,1.71,0.27
Matt Targett,Targett,DEF,0.7,Newcastle United,2,77,0,0,0,4,0,0,0,1,0,0,0,15,9.2,11.9,0,2.2,0,0.01,0.01,1.77,0,0,0.01,0.01,2.07,4.68,0
Sandro Tonali,Tonali,MID,2,Newcastle United,16,437,1,0,1,5,0,0,0,2,0,0,0,86,81.8,105,50,23.8,0.62,0.47,1.09,6.66,0.13,0,0.1,0.23,1.37,1.03,0.21
Kieran Trippier,Trippier,DEF,4,Newcastle United,111,2235,1,10,6,43,0,0,0,5,0,0,20,589,719,1028.5,102,185.2,0.65,6.97,7.62,40.26,0.03,0,0.28,0.31,1.62,1.73,0.24
Joe Willock,Willock,MID,2,Newcastle United,18,415,1,0,1,9,0,0,0,0,0,0,0,60,89.8,92.5,106,28.8,0.88,0.57,1.45,8.03,0.19,0,0.12,0.31,1.74,1.95,0.22
Callum Wilson,Wilson,FWD,3.5,Newcastle United,69,981,9,1,6,15,0,0,0,3,0,0,4,246,366.2,110.3,563,103.2,8.96,0.54,9.5,13.12,0.82,0,0.05,0.87,1.2,1.38,0.55
Loris Karius,Karius,GK,1,Newcastle United,1,90,0,0,0,4,0,0,0,0,0,4,0,17,31.8,0,0,3.2,0,0,0,2.4,0,4,0,0,2.4,4,0
Paul Dummett,Dummett,DEF,1,Newcastle United,5,18,0,0,0,1,0,0,0,0,0,0,0,10,5.2,1.1,4,0.5,0.02,0,0.02,0.93,0.1,0,0,0.1,4.65,5,0
Harvey Barnes,Barnes,MID,3,Newcastle United,64,788,5,3,2,10,0,0,0,2,0,0,3,205,279.2,181.5,334,79.5,3.78,1.9,5.68,10.48,0.43,0,0.22,0.65,1.2,1.14,0.23
Tino Livramento,Livramento,DEF,1.7,Newcastle United,45,1302,1,0,2,27,0,0,0,1,0,0,4,253,292,193.9,96,58.4,0.38,0.83,1.21,28.63,0.03,0,0.06,0.09,1.98,1.87,0.14
Alex Murphy,Murphy,DEF,1,Newcastle United,2,11,0,0,0,0,0,0,0,0,0,0,0,6,2.6,1,0,0.3,0,0,0,0.08,0,0,0,0,0.65,0,0
Lewis Miley,Miley,MID,2.6,Newcastle United,44,1203,1,3,1,29,0,0,0,1,0,0,1,232,237.4,192.8,136,56.7,1.22,1.08,2.3,30.2,0.09,0,0.08,0.17,2.26,2.17,0.07
Amadou Diallo,Diallo,MID,1,Newcastle United,1,1,0,0,0,0,0,0,0,0,0,0,0,3,0,0,0,0,0,0,0,0,0,0,0,0,0,0,0
Ben Parkinson,Parkinson,FWD,1,Newcastle United,1,24,0,0,0,1,0,0,0,0,0,0,0,2,2,0,0,0.2,0,0,0,1.76,0,0,0,0,6.6,3.75,0
Michael Ndiweni,Ndiweni,FWD,1,Newcastle United,1,1,0,0,0,0,0,0,0,0,0,0,0,3,0.2,0,0,0,0,0,0,0,0,0,0,0,0,0,0
Joe White,White,MID,0.8,Newcastle United,3,12,0,0,0,0,0,0,0,1,0,0,0,9,0.8,1.1,0,0.1,0,0,0,0.24,0,0,0,0,1.8,0,0
Nuno Varela Tavares,Varela Tavares,DEF,1.4,Nottingham Forest,11,454,0,0,1,9,0,0,0,2,0,0,0,69,61.8,48.8,28,13.8,0.16,0.38,0.54,4.97,0.03,0,0.08,0.11,0.99,1.78,0.2
Matt Turner,Turner,GK,2.5,Nottingham Forest,41,1530,0,0,2,28,0,0,0,2,0,55,0,278,379.6,0,0,37.9,0,0,0,25.43,0,3.24,0,0,1.5,1.65,0.12
Callum Hudson-Odoi,Hudson-Odoi,MID,3.8,Nottingham Forest,109,1846,8,2,2,41,0,0,0,0,0,0,14,371,489,514.2,444,145,2.65,2.02,4.67,28.38,0.13,0,0.1,0.23,1.38,2,0.1
Anthony Elanga,Elanga,MID,3.3,Nottingham Forest,119,2424,5,9,2,47,0,0,0,1,0,0,5,386,536.4,441.6,618,159.2,6.2,4.04,10.24,39.39,0.23,0,0.15,0.38,1.46,1.75,0.07
Brandon Aguilera ,Aguilera Zamora,MID,1,Nottingham Forest,1,4,0,0,0,0,0,0,0,0,0,0,0,0,0,1.6,0,0,0,0,0,0,0,0,0,0,0,0,0
Serge Aurier,Aurier,DEF,2.2,Nottingham Forest,27,831,0,2,1,15,0,0,0,2,0,0,3,137,187.6,84.8,45,31.8,0.16,0.45,0.61,13.94,0.02,0,0.05,0.07,1.51,1.62,0.11
Taiwo Awoniyi,Awoniyi,FWD,3.4,Nottingham Forest,67,1036,6,3,3,21,0,0,0,2,0,0,5,247,303.2,134.4,308,74.2,4.85,0.9,5.75,15.61,0.42,0,0.08,0.5,1.36,1.82,0.26
Willy Boly,Boly,DEF,2.9,Nottingham Forest,58,1437,2,1,3,26,0,0,0,1,1,0,7,275,480,100.5,200,78.1,1.56,0.77,2.33,26.3,0.1,0,0.05,0.15,1.65,1.63,0.19
Danilo ,dos Santos de Oliveira,MID,2.2,Nottingham Forest,65,1787,2,2,1,42,0,0,0,4,0,0,4,302,368,277.6,137,78.1,1.82,0.94,2.76,28.6,0.09,0,0.05,0.14,1.44,2.12,0.05
Felipe ,de Almeida Monteiro,DEF,1.1,Nottingham Forest,7,372,0,0,1,10,0,0,0,4,0,0,0,59,61.2,23.2,18,10.3,0.12,0.03,0.15,6.39,0.03,0,0.01,0.04,1.55,2.42,0.24
Morgan Gibbs-White,Gibbs-White,MID,3.8,Nottingham Forest,142,3156,5,10,5,59,0,0,0,9,0,0,13,563,703.2,1155.2,495,235.6,6.65,6.79,13.44,49.08,0.19,0,0.19,0.38,1.4,1.68,0.14
Cheikhou Kouyaté,Kouyaté,MID,1,Nottingham Forest,12,206,0,0,0,6,0,0,0,2,0,0,0,32,36,14.3,25,7.1,0.25,0.04,0.29,5.89,0.11,0,0.02,0.13,2.57,2.62,0
Orel Mangala,Mangala,MID,2,Nottingham Forest,40,1562,1,0,3,31,0,0,0,6,0,0,0,186,208,108.7,44,36,0.77,0.28,1.05,24.5,0.04,0,0.02,0.06,1.41,1.79,0.17
Scott McKenna,McKenna,DEF,2.4,Nottingham Forest,12,416,0,0,1,6,0,0,0,0,0,0,1,64,89,32.4,17,13.8,0.21,0.17,0.38,5.64,0.05,0,0.04,0.09,1.22,1.3,0.22
Moussa Niakhate,Niakhate,DEF,1.4,Nottingham Forest,29,1456,1,0,1,36,0,0,0,3,1,0,1,238,316.6,51.7,55,42.3,1.3,0.25,1.55,27.6,0.08,0,0.02,0.1,1.71,2.23,0.06
Harry Toffolo,Toffolo,DEF,2.3,Nottingham Forest,52,1452,1,3,2,29,0,0,0,3,0,0,3,263,355,268.4,171,79.3,1.1,1.14,2.24,23.83,0.07,0,0.07,0.14,1.48,1.8,0.12
Neco Williams,Williams,DEF,1.5,Nottingham Forest,39,1630,0,1,1,33,0,0,0,4,0,0,2,224,393.4,195.2,139,72.8,0.74,1.54,2.28,23.05,0.04,0,0.09,0.13,1.27,1.82,0.06
Chris Wood,Wood,FWD,4.2,Nottingham Forest,131,1801,14,1,2,34,0,0,0,0,0,0,22,456,598.2,281.1,795,167.4,11.71,0.92,12.63,27.19,0.59,0,0.05,0.64,1.36,1.7,0.1
Joe Worrall,Worrall,DEF,1.9,Nottingham Forest,13,438,0,0,1,9,0,0,0,0,1,0,3,74,90,22.1,18,13,0.1,0.31,0.41,9.01,0.02,0,0.06,0.08,1.85,1.85,0.21
Ryan Yates,Yates,MID,1.7,Nottingham Forest,59,1979,1,1,1,38,0,0,0,6,0,0,1,235,330.4,133.8,258,72.1,2.78,0.59,3.37,31.96,0.13,0,0.03,0.16,1.45,1.73,0.05
Olu Aina,Aina,DEF,2,Nottingham Forest,45,1690,1,1,2,39,0,0,0,3,0,0,2,289,312,181.7,49,54.4,0.34,1.01,1.35,29.01,0.02,0,0.05,0.07,1.54,2.08,0.11
Gonzalo Montiel,Montiel,DEF,2,Nottingham Forest,28,796,0,2,1,11,0,0,0,5,0,0,4,152,170.6,118.3,32,31.9,0.11,0.79,0.9,11.43,0.01,0,0.09,0.1,1.29,1.24,0.11
Murillo Santiago,Santiago Costa dos Santos,DEF,1.8,Nottingham Forest,58,2790,0,2,3,56,1,0,0,5,0,0,1,451,678.4,115,164,95.8,1.78,0.64,2.42,42.99,0.06,0,0.02,0.08,1.39,1.81,0.1
Odysseas Vlachodimos,Vlachodimos,GK,2.4,Nottingham Forest,12,450,0,0,1,12,0,0,0,0,0,10,0,79,101.8,10,0,11.2,0,0.01,0.01,7.48,0,2,0,0,1.5,2.4,0.2
Andrew Omobamidele,Omobamidele,DEF,1,Nottingham Forest,11,782,0,0,0,15,1,0,0,2,0,0,0,94,148.6,25.1,16,18.9,0.14,0.02,0.16,11.77,0.02,0,0,0.02,1.35,1.73,0
Nicolás Domínguez,Domínguez,MID,2.6,Nottingham Forest,67,1489,2,2,6,27,0,0,0,4,0,0,6,276,340.4,176.2,187,70.6,1.3,1.14,2.44,21.2,0.08,0,0.07,0.15,1.28,1.63,0.36
Ibrahim Sangaré,Sangaré,MID,1.5,Nottingham Forest,25,1031,0,0,4,16,0,0,0,6,0,0,0,89,168.8,112.9,43,32.5,0.67,0.4,1.07,14.75,0.06,0,0.03,0.09,1.29,1.4,0.35
Divock Origi,Origi,FWD,1.2,Nottingham Forest,25,594,0,1,2,6,0,0,0,1,0,0,0,59,50.4,107.8,99,25,1.22,0.82,2.04,9.78,0.18,0,0.12,0.3,1.48,0.91,0.3
Giovanni Reyna,Reyna,MID,1.4,Nottingham Forest,13,228,0,1,0,3,0,0,0,0,0,0,0,44,55,102.7,55,21.4,0.36,0.36,0.72,2.09,0.14,0,0.14,0.28,0.82,1.18,0
Matz Sels,Sels,GK,2.1,Nottingham Forest,34,1440,0,0,1,27,0,0,0,1,0,37,1,206,293.2,10,0,30.3,0,0.09,0.09,20.5,0,2.31,0.01,0.01,1.28,1.69,0.06
Rodrigo Ribeiro,Duarte Ribeiro,FWD,1,Nottingham Forest,4,14,0,0,0,0,0,0,0,0,0,0,0,9,1.2,1.3,6,0.9,0,0,0,0.13,0,0,0,0,0.84,0,0
Auston Trusty,Trusty,DEF,0.9,Sheffield United,28,2568,0,0,1,81,0,0,0,4,0,0,0,349,517.4,107.3,106,73.4,0.38,0.76,1.14,53.54,0.01,0,0.03,0.04,1.88,2.84,0.04
Cameron Archer,Archer,FWD,2.7,Sheffield United,82,1829,4,3,2,50,0,0,0,2,0,0,9,241,266,309.3,353,92.8,5.28,1.39,6.67,41.38,0.26,0,0.07,0.33,2.04,2.46,0.1
Mason Holgate,Holgate,DEF,0.1,Sheffield United,1,711,0,0,0,27,0,0,0,3,1,0,0,69,117.8,22.7,19,15.9,0.55,0.2,0.75,19.41,0.07,0,0.03,0.1,2.46,3.42,0
James McAtee,McAtee,MID,2.5,Sheffield United,77,1815,3,4,2,65,0,0,0,2,0,0,0,259,333.8,394.4,333,106,2.98,2.16,5.14,39.34,0.15,0,0.11,0.26,1.95,3.22,0.1
Anel Ahmedhodžić,Ahmedhodžić,DEF,1,Sheffield United,31,2649,2,0,1,89,0,0,0,9,1,0,4,325,568.4,96.7,228,89.6,3.03,0.58,3.61,61.13,0.1,0,0.02,0.12,2.08,3.02,0.03
George Baldock,Baldock,DEF,1.6,Sheffield United,21,968,0,2,0,21,0,0,0,4,0,0,2,117,173.6,102.6,21,29.6,0.03,0.63,0.66,22.11,0,0,0.06,0.06,2.06,1.95,0
Chris Basham,Basham,DEF,1,Sheffield United,8,316,0,0,0,6,0,0,0,1,0,0,0,35,69.2,27.4,14,11.1,0.12,0.07,0.19,7.12,0.03,0,0.02,0.05,2.03,1.71,0
Jayden Bogle,Bogle,DEF,1.9,Sheffield United,63,2787,3,3,3,79,1,0,0,9,0,0,0,354,514.4,183.5,339,103.7,2.36,1.14,3.5,57.85,0.08,0,0.04,0.12,1.87,2.55,0.1
Rhian Brewster,Brewster,FWD,0.8,Sheffield United,11,338,0,0,0,8,0,0,0,0,1,0,0,14,21,28.3,85,13.3,0.33,0.08,0.41,7.82,0.09,0,0.02,0.11,2.08,2.13,0
John Egan,Egan,DEF,0.2,Sheffield United,1,482,0,0,0,17,0,0,0,2,0,0,0,54,91.2,1.4,38,13.1,0.17,0,0.17,14.85,0.03,0,0,0.03,2.77,3.17,0
John Fleck,Fleck,MID,0.8,Sheffield United,3,89,0,0,0,5,0,0,0,1,0,0,0,13,5.4,26,2,3.3,0,0.35,0.35,3.15,0,0,0.35,0.35,3.19,5.06,0
Wes Foderingham,Foderingham,GK,2.3,Sheffield United,70,2648,0,0,1,79,1,0,0,2,0,133,7,531,966,10,0,97.7,0,0.05,0.05,62.03,0,4.52,0,0,2.11,2.69,0.03
Daniel Jebbison,Jebbison,FWD,1,Sheffield United,1,20,0,0,0,0,0,0,0,0,0,0,0,3,0,0.1,4,0.4,0,0,0,0.94,0,0,0,0,4.23,0,0
Max Lowe,Lowe,DEF,1.3,Sheffield United,13,498,0,1,0,12,0,0,0,1,0,0,0,47,102.2,31.9,18,15.2,0.58,0.09,0.67,11.1,0.1,0,0.02,0.12,2.01,2.17,0
Oliver McBurnie,McBurnie,FWD,3.1,Sheffield United,66,1279,6,3,1,43,0,0,0,3,2,0,9,225,377.4,195.9,501,107.5,6.91,1.98,8.88,27.74,0.49,0,0.14,0.63,1.95,3.03,0.07
Rhys Norrington-Davies,Norrington-Davies,DEF,0.4,Sheffield United,2,109,0,0,0,6,0,0,0,1,0,0,0,12,8.2,11.7,2,2,0,0,0,2.58,0,0,0,0,2.13,4.95,0
Oliver Norwood,Norwood,MID,1.6,Sheffield United,42,1429,1,0,0,47,0,0,0,8,0,0,3,232,311.2,275.3,82,66.8,1.1,1.23,2.33,35.98,0.07,0,0.08,0.15,2.27,2.96,0
Ben Osborn,Osborn,MID,1.6,Sheffield United,38,1359,0,2,0,40,1,0,0,3,0,0,0,182,191.4,212.2,26,42.8,0.22,0.93,1.15,28.43,0.01,0,0.06,0.07,1.88,2.65,0
William Osula,Osula,FWD,1.2,Sheffield United,25,778,0,1,0,23,0,0,0,4,0,0,0,27,27,24.9,200,24.4,1.64,0.15,1.79,20.19,0.19,0,0.02,0.21,2.34,2.66,0
Jack Robinson,Robinson,DEF,1,Sheffield United,33,2883,1,1,1,83,2,0,0,10,0,0,1,375,602.8,162.1,190,95.7,1.13,0.93,2.06,62.5,0.04,0,0.03,0.07,1.95,2.59,0.03
Anis Slimane,Slimane,MID,0.9,Sheffield United,14,409,0,0,1,14,1,0,0,2,0,0,0,23,41.6,46.7,72,16.1,0.97,0.13,1.1,9.52,0.21,0,0.03,0.24,2.09,3.08,0.22
Yasser Larouci,Larouci,DEF,0.9,Sheffield United,10,527,0,0,0,11,0,0,0,1,0,0,0,63,80.8,27.8,39,14.8,0.24,0.05,0.29,13.53,0.04,0,0.01,0.05,2.31,1.88,0
Bénie Traore, Adama ,FWD,1.4,Sheffield United,11,383,0,0,0,13,0,0,0,0,0,0,0,14,25.8,56.7,31,11.2,0.27,0.46,0.73,11.66,0.06,0,0.11,0.17,2.74,3.05,0
Vini de Souza Costa,de Souza Costa,MID,2,Sheffield United,73,2664,1,1,1,80,0,0,0,3,0,0,4,357,558.4,101.8,152,81.1,0.61,0.46,1.07,60.24,0.02,0,0.02,0.04,2.04,2.7,0.03
Andre Brooks,Brooks,MID,1.3,Sheffield United,26,932,0,0,1,29,0,0,0,1,0,0,0,82,88.6,51.9,76,21.8,0.49,0.24,0.73,18.53,0.05,0,0.02,0.07,1.79,2.8,0.1
Antwoine Hackford,Hackford,FWD,1,Sheffield United,2,11,0,0,0,1,0,0,0,0,0,0,0,5,0,0.3,0,0,0,0,0,0.12,0,0,0,0,0.98,8.18,0
Gustavo Hamer,Hamer,MID,3,Sheffield United,108,2908,4,7,2,83,0,0,0,9,0,0,5,462,581.2,929.8,294,180.4,3,4.59,7.58,62.07,0.09,0,0.14,0.23,1.92,2.57,0.06
Tom Davies,Davies,MID,0.8,Sheffield United,7,214,0,0,0,11,0,0,0,2,0,0,0,11,26.4,18.1,48,9.4,0.34,0.06,0.4,7.43,0.14,0,0.03,0.17,3.12,4.63,0
Luke Thomas,Thomas,DEF,0.6,Sheffield United,7,916,0,0,0,29,0,0,0,3,0,0,0,80,127.8,53.9,64,24.7,0.53,0.18,0.71,21.7,0.05,0,0.02,0.07,2.13,2.85,0
Ryan One,One,FWD,1,Sheffield United,1,7,0,0,0,2,0,0,0,0,0,0,0,3,0,0.3,0,0,0,0,0,1.28,0,0,0,0,16.46,25.71,0
Sydie Peck,Peck,MID,1,Sheffield United,1,9,0,0,0,0,0,0,0,0,0,0,0,3,0,0.1,0,0,0,0,0,0.12,0,0,0,0,1.2,0,0
Ben Brereton,Brereton,MID,4.4,Sheffield United,62,1105,6,1,0,37,0,0,0,3,0,0,5,173,312.2,124,422,85.3,5.52,1.07,6.58,23.91,0.45,0,0.09,0.54,1.95,3.01,0
Ivo Grbic,Grbic,GK,1.7,Sheffield United,15,771,0,0,0,25,0,0,0,1,0,37,0,149,257.6,0,0,25.6,0,0.01,0.01,14.32,0,4.32,0,0,1.67,2.92,0
Oliver Arblaster,Arblaster,MID,1.6,Sheffield United,19,942,0,0,0,28,1,0,0,2,0,0,0,131,155.4,140.5,23,32,0.02,0.82,0.84,20.34,0,0,0.08,0.08,1.94,2.68,0
Sam Curtis,Curtis,DEF,1,Sheffield United,1,27,0,0,0,0,0,0,0,0,0,0,0,2,2.2,0.3,0,0.3,0,0,0,0.27,0,0,0,0,0.9,0,0
Brennan Johnson,Johnson,MID,3.7,Tottenham,131,2317,5,10,5,42,0,0,0,3,0,0,9,397,554.4,624.3,782,196.3,10.36,4.3,14.65,43.97,0.4,0,0.17,0.57,1.71,1.63,0.19
Rodrigo Bentancur,Bentancur,MID,1.4,Tottenham,32,997,1,1,1,25,0,0,0,7,0,0,0,153,193,174.9,156,52.1,2.01,1.05,3.06,19.98,0.18,0,0.09,0.27,1.8,2.26,0.09
Yves Bissouma,Bissouma,MID,1.6,Tottenham,44,2070,0,0,7,35,0,0,0,8,2,0,0,315,403,279.4,140,82.3,1.18,1.67,2.85,41.3,0.05,0,0.07,0.12,1.8,1.52,0.3
Bryan Gil ,Gil Salvatierra,MID,1.1,Tottenham,12,200,0,0,0,11,0,0,0,0,0,0,0,41,28.6,70.1,59,15.9,0.67,0.24,0.91,7.19,0.3,0,0.11,0.41,3.24,4.95,0
Ben Davies,Davies,DEF,2,Tottenham,34,1085,1,2,1,21,0,0,0,2,0,0,0,216,294.8,81,124,50.3,2.34,0.57,2.91,22.43,0.19,0,0.05,0.24,1.86,1.74,0.08
Eric Dier,Dier,DEF,0.5,Tottenham,2,199,0,0,0,8,0,0,0,0,0,0,0,31,55.8,1,4,6,0,0.03,0.03,7.04,0,0,0.01,0.01,3.18,3.62,0
Emerson Royal,Leite de Souza Junior,DEF,1.2,Tottenham,27,1152,1,0,0,31,0,0,0,4,0,0,4,233,316,119.5,55,49.4,0.22,0.86,1.08,28.71,0.02,0,0.07,0.09,2.24,2.42,0
Pierre-Emile Hojbjerg,Hojbjerg,MID,1.1,Tottenham,39,1289,0,0,1,28,1,0,0,4,0,0,0,239,282.2,205.8,108,59.7,0.68,1.57,2.24,26.52,0.05,0,0.11,0.16,1.85,1.96,0.07
Dejan Kulusevski,Kulusevski,MID,3.6,Tottenham,130,2759,8,3,8,46,0,0,0,7,0,0,14,463,698.8,950.4,953,260.1,4.95,6.37,11.31,49.32,0.16,0,0.21,0.37,1.61,1.5,0.26
Giovani Lo Celso,Lo Celso,MID,2.1,Tottenham,47,491,2,2,1,12,0,0,0,2,0,0,6,189,225.8,262.8,110,60,0.54,1.79,2.33,12.46,0.1,0,0.33,0.43,2.28,2.2,0.18
James Maddison,Maddison,MID,4.2,Tottenham,117,2137,4,9,7,31,0,0,0,5,0,0,9,495,630.4,979.5,605,221.4,6.53,6.21,12.74,32.54,0.28,0,0.26,0.54,1.37,1.31,0.29
Pedro Porro,Porro,DEF,3.9,Tottenham,136,3090,3,7,7,54,0,0,0,3,0,0,20,720,839,877.4,365,208.5,2.92,6.18,9.1,58.42,0.09,0,0.18,0.27,1.7,1.57,0.2
Ivan Perišić,Perišić,MID,1.2,Tottenham,6,98,0,1,0,1,0,0,0,2,0,0,0,34,41.6,71.2,27,14,0.12,0.8,0.92,1.44,0.11,0,0.73,0.84,1.32,0.92,0
Richarlison ,de Andrade,FWD,4.4,Tottenham,122,1481,11,4,7,18,0,0,0,3,0,0,7,305,560.6,208.4,758,152.1,9.49,1.42,10.91,25.59,0.58,0,0.09,0.67,1.56,1.09,0.43
Cristian Romero,Romero,DEF,3.2,Tottenham,107,2790,5,0,7,46,1,0,0,7,1,0,15,591,841.8,161.9,252,125.9,3.25,1.41,4.66,52.55,0.1,0,0.05,0.15,1.7,1.48,0.23
Davinson Sánchez,Sánchez,DEF,0,Tottenham,0,76,0,0,0,2,0,0,0,1,0,0,0,9,17,5,4,2.6,0.12,0.03,0.15,2.02,0.14,0,0.04,0.18,2.39,2.37,0
Pape Matar Sarr,Sarr,MID,2.5,Tottenham,86,2063,3,3,9,27,0,0,0,9,0,0,4,397,406,373.3,317,110.2,3.17,2.09,5.26,34.83,0.14,0,0.09,0.23,1.52,1.18,0.39
Oliver Skipp,Skipp,MID,1,Tottenham,22,691,0,0,0,17,0,0,0,3,0,0,0,105,92,126.2,65,28.1,0.77,0.5,1.27,17.25,0.1,0,0.07,0.17,2.25,2.21,0
Son Heung-min,Heung-min,MID,6.1,Tottenham,213,2934,17,10,8,51,1,0,0,1,0,0,25,707,993.2,921.9,1131,304.7,11.49,7.87,19.36,53.77,0.35,0,0.24,0.59,1.65,1.56,0.25
Destiny Udogie,Udogie,DEF,2.8,Tottenham,79,2391,2,3,5,43,0,0,0,5,1,0,8,402,534.8,357.9,279,117.3,2.42,2.36,4.78,48.7,0.09,0,0.09,0.18,1.83,1.62,0.19
Guglielmo Vicario,Vicario,GK,2.9,Tottenham,112,3420,0,0,7,61,0,0,0,2,0,110,9,730,974.2,0,0,97.4,0,0,0,63.58,0,2.89,0,0,1.67,1.61,0.18
Manor Solomon,Solomon,MID,2.8,Tottenham,14,196,0,2,0,2,0,0,0,1,0,0,2,53,73.4,144.3,61,28,0.41,0.75,1.16,1.79,0.19,0,0.34,0.53,0.82,0.92,0
Micky van de Ven,van de Ven,DEF,3,Tottenham,81,2341,3,0,5,38,0,0,0,5,0,0,10,501,561.6,56.7,85,70.5,0.61,0.33,0.94,37.56,0.02,0,0.01,0.03,1.44,1.46,0.19
Dane Scarlett,Scarlett,FWD,1,Tottenham,4,19,0,0,0,0,0,0,0,0,0,0,0,10,2,0.4,6,0.8,0,0,0,0.02,0,0,0,0,0.09,0,0
Alejo Véliz,Véliz,FWD,1.4,Tottenham,11,45,1,0,0,2,0,0,0,1,0,0,0,40,35.2,0.9,29,6.5,0.42,0,0.42,1.88,0.84,0,0,0.84,3.76,4,0
Jamie Donley,Donley,FWD,0.7,Tottenham,2,3,0,0,0,1,0,0,0,1,0,0,0,3,3,0,0,0.3,0,0,0,0.52,0,0,0,0,15.6,30,0
Timo Werner,Werner,FWD,3.5,Tottenham,46,808,2,4,0,16,0,0,0,1,0,0,5,173,179,239,305,72.3,3.81,2.93,6.74,11.06,0.42,0,0.33,0.75,1.23,1.78,0
Radu Dragusin,Dragusin,DEF,1.6,Tottenham,14,424,0,0,1,7,0,0,0,1,0,0,0,82,95.4,7.4,6,11,0.14,0.01,0.15,8.2,0.03,0,0,0.03,1.74,1.49,0.21
Mikey Moore,Moore,MID,1,Tottenham,2,3,0,0,0,0,0,0,0,0,0,0,0,4,1,0.5,0,0.1,0,0,0,0.05,0,0,0,0,1.5,0,0
Kalvin Phillips,Phillips,MID,0.8,West Ham United,10,394,0,0,0,13,0,0,0,1,1,0,0,27,35.6,23.3,31,9.1,0.22,0.11,0.33,10.75,0.05,0,0.03,0.08,2.46,2.97,0
Nayef Aguerd,Aguerd,DEF,1.7,West Ham United,36,1857,1,0,2,44,0,0,0,1,1,0,0,282,439.4,58.1,145,64.4,1.37,0.41,1.78,38.79,0.07,0,0.02,0.09,1.88,2.13,0.1
Michail Antonio,Antonio,FWD,3,West Ham United,78,1692,6,2,5,34,0,0,0,6,0,0,8,228,308.6,132.2,395,82.7,5.45,1.28,6.72,35.84,0.29,0,0.07,0.36,1.91,1.81,0.27
Alphonse Areola,Areola,GK,3.7,West Ham United,116,2700,0,0,4,53,1,2,0,1,0,138,11,598,1023.2,0,0,102.4,0,0,0,54.72,0,4.6,0,0,1.82,1.77,0.13
Saïd Benrahma,Benrahma,MID,1.5,West Ham United,20,611,0,1,2,8,0,0,1,1,0,0,0,64,85.4,164.9,196,44.6,1.91,0.77,2.68,12.91,0.28,0,0.11,0.39,1.9,1.18,0.29
Jarrod Bowen,Bowen,MID,5.4,West Ham United,182,3020,16,6,5,63,0,0,0,2,0,0,14,519,890.4,463.8,1130,247.8,11.96,4.9,16.86,62.39,0.36,0,0.15,0.51,1.86,1.88,0.15
Maxwel Cornet,Cornet,MID,1.9,West Ham United,13,109,1,0,0,3,0,0,0,0,0,0,0,40,44,48.4,54,14.6,0.4,0.02,0.42,2.82,0.33,0,0.02,0.35,2.33,2.48,0
Vladimír Coufal,Coufal,DEF,2.4,West Ham United,85,3135,0,7,4,70,0,0,0,5,1,0,9,514,661.6,500,92,125.6,0.35,3.01,3.36,66.02,0.01,0,0.09,0.1,1.9,2.01,0.11
Aaron Cresswell,Cresswell,DEF,0.9,West Ham United,10,431,0,0,0,11,0,0,0,1,0,0,0,71,58.8,77.2,2,13.9,0,0.44,0.44,5.94,0,0,0.09,0.09,1.24,2.3,0
Emerson Palmieri ,Palmieri dos Santos,DEF,2.3,West Ham United,82,3138,1,4,5,67,1,0,0,10,0,0,8,519,649,400.2,168,121.8,1.64,2.07,3.71,68.08,0.05,0,0.06,0.11,1.95,1.92,0.14
Lukasz Fabianski,Fabianski,GK,2.4,West Ham United,24,721,0,0,1,21,0,0,0,0,0,33,1,152,245.6,0,0,24.6,0,0,0,17,0,4.12,0,0,2.12,2.62,0.12
Pablo Fornals ,Fornals Malla,MID,1.3,West Ham United,19,418,0,0,1,9,0,0,0,0,0,0,0,68,64.2,75.5,79,21.9,0.31,0.34,0.65,9.49,0.07,0,0.07,0.14,2.04,1.94,0.22
Danny Ings,Ings,FWD,1.8,West Ham United,36,389,1,2,0,10,0,0,0,1,0,0,4,105,82.4,64.4,125,27.1,1.18,0.26,1.44,10.43,0.27,0,0.06,0.33,2.41,2.31,0
Ben Johnson,Johnson,DEF,1.2,West Ham United,17,538,0,0,1,16,0,0,0,1,0,0,0,90,84.6,22.5,38,14.7,0.25,0.11,0.36,13.03,0.04,0,0.02,0.06,2.18,2.68,0.17
Thilo Kehrer,Kehrer,DEF,0.5,West Ham United,2,19,0,0,0,1,0,0,0,2,0,0,0,7,8.6,0.7,0,0.9,0,0,0,0.47,0,0,0,0,2.23,4.74,0
Divin Mubama,Mubama,FWD,1,West Ham United,5,75,0,0,0,2,0,0,0,0,0,0,0,14,0.2,2.4,5,0.8,0.16,0.01,0.17,2.89,0.19,0,0.01,0.2,3.47,2.4,0
Lucas Paqueta,Tolentino Coelho de Lima,MID,3.2,West Ham United,100,2627,4,6,4,52,0,0,0,10,0,0,7,398,570.6,722.3,343,163.7,5.19,4.93,10.12,50.96,0.18,0,0.17,0.35,1.75,1.78,0.14
Tomáš Souček,Souček,MID,3.1,West Ham United,116,2867,7,2,5,64,0,0,0,7,0,0,9,456,751.6,262.5,488,150.3,6.69,1.14,7.83,62.38,0.21,0,0.04,0.25,1.96,2.01,0.16
Kurt Zouma,Zouma,DEF,2.3,West Ham United,76,2838,3,0,3,63,0,0,0,3,0,0,6,444,636.8,55.1,227,92,1.9,0.07,1.97,59.8,0.06,0,0,0.06,1.9,2,0.1
Angelo Ogbonna,Ogbonna,DEF,1.7,West Ham United,19,634,0,0,2,14,0,0,0,1,0,0,0,103,131,2.2,10,14.4,0.04,0.06,0.1,15.9,0.01,0,0.01,0.02,2.26,1.99,0.28
Edson Álvarez,Álvarez,MID,2,West Ham United,62,2375,1,1,5,45,0,0,0,11,0,0,3,345,545.8,193.1,89,82.7,1.37,0.81,2.18,49.85,0.05,0,0.03,0.08,1.89,1.71,0.19
James Ward-Prowse,Ward-Prowse,MID,3.9,West Ham United,146,3000,7,7,5,65,0,0,0,4,0,0,19,708,831,1023.5,324,217.5,6.23,6.3,12.53,63.29,0.19,0,0.19,0.38,1.9,1.95,0.15
Konstantinos Mavropanos,Mavropanos,DEF,2.1,West Ham United,40,1500,1,0,3,27,2,0,0,2,0,0,3,229,300.2,41.9,112,45.3,1.19,0.09,1.28,29.36,0.07,0,0.01,0.08,1.76,1.62,0.18
Mohammed Kudus,Kudus,MID,4.2,West Ham United,137,2485,8,6,3,61,0,0,0,6,0,0,13,476,667.2,472.9,566,170.8,5.06,3.48,8.54,49.5,0.18,0,0.13,0.31,1.79,2.21,0.11
Kaelan Casey,Casey,DEF,1,West Ham United,1,1,0,0,0,0,0,0,0,0,0,0,0,3,2,0,0,0.2,0,0,0,0,0,0,0,0,0,0,0
George Earthy,Earthy,MID,2.7,West Ham United,8,33,1,0,0,0,0,0,0,0,0,0,0,27,32.8,2,33,6.9,0.35,0,0.35,0.16,0.95,0,0,0.95,0.44,0,0
Tommy Doyle,Doyle,MID,1.5,Wolves,38,1209,0,0,3,24,0,0,0,2,0,0,0,197,198.4,173.7,55,42.7,0.42,0.87,1.29,22.22,0.03,0,0.06,0.09,1.65,1.79,0.22
Rayan Aït-Nouri,Aït-Nouri,DEF,2.3,Wolves,77,2327,2,3,3,43,0,0,0,7,0,0,6,365,448.4,376.9,253,107.7,3.12,1.81,4.93,45.79,0.12,0,0.07,0.19,1.77,1.66,0.12
Daniel Bentley,Bentley,GK,3.6,Wolves,18,382,0,0,2,7,0,0,0,0,0,8,1,73,70.8,0,0,7.1,0,0,0,7.79,0,1.88,0,0,1.84,1.65,0.47
Hugo Bueno,Bueno ,DEF,1.3,Wolves,29,727,0,0,2,16,1,0,0,1,0,0,0,136,139.4,122.1,30,29,0.31,0.68,0.99,12.99,0.04,0,0.08,0.12,1.61,1.98,0.25
Craig Dawson,Dawson,DEF,2.8,Wolves,69,2209,1,1,6,38,0,0,0,7,0,0,6,421,611.8,108.6,222,94.4,1.58,0.42,2,38.47,0.06,0,0.02,0.08,1.57,1.55,0.24
Fábio Silva,Silva,FWD,1,Wolves,8,259,0,0,1,8,0,0,0,2,0,0,0,7,25.2,51.6,93,16.9,1.12,0.09,1.21,7.2,0.39,0,0.03,0.42,2.5,2.78,0.35
Hwang Hee-chan,Hee-chan,MID,4.3,Wolves,125,2116,12,3,3,37,0,0,0,6,0,0,10,334,534.2,259.9,614,140.7,7.53,2.84,10.37,38.86,0.32,0,0.12,0.44,1.65,1.57,0.13
João Gomes,Gomes da Silva,MID,2.2,Wolves,75,2646,2,2,4,51,0,0,0,11,0,0,3,359,493.2,372.3,196,106.1,1.82,1.76,3.58,53.05,0.06,0,0.06,0.12,1.8,1.73,0.14
Jonny Otto,Castro Otto,DEF,1,Wolves,1,4,0,0,0,0,0,0,0,0,0,0,0,3,5,0,0,0.5,0,0,0,0.07,0,0,0,0,1.58,0,0
Sasa Kalajdzic,Kalajdzic,FWD,2.2,Wolves,24,158,2,0,1,2,0,0,0,0,0,0,4,88,94,48.7,66,20.7,1.01,0.26,1.27,2.57,0.58,0,0.15,0.73,1.46,1.14,0.57
Max Kilman,Kilman,DEF,2.2,Wolves,82,3420,2,0,5,65,0,0,0,7,0,0,3,592,853.6,233.1,212,130.2,1.78,1.12,2.9,67.17,0.05,0,0.03,0.08,1.77,1.71,0.13
Mario Lemina,Lemina,MID,2.7,Wolves,95,2969,4,1,4,55,0,0,0,10,1,0,13,490,621.6,333.6,470,142.7,4.6,1.26,5.86,60.17,0.14,0,0.04,0.18,1.82,1.67,0.12
Pedro Neto,Lomba Neto,MID,4.3,Wolves,86,1516,2,9,3,27,0,0,0,4,0,0,8,310,371.4,599.2,389,135.5,3.17,3.69,6.86,29.09,0.19,0,0.22,0.41,1.73,1.6,0.18
José Sá,Malheiro de Sá,GK,3.1,Wolves,107,3037,0,1,4,58,0,0,0,1,0,134,8,622,1003.4,11,0,101.6,0,0,0,59.38,0,3.97,0,0,1.76,1.72,0.12
Pablo Sarabia,Sarabia,MID,3.3,Wolves,99,1737,4,7,6,27,0,0,0,5,0,0,8,358,469.2,795.3,418,168.4,5.52,5,10.52,30.95,0.29,0,0.26,0.55,1.6,1.4,0.31
Nélson Semedo,Cabral Semedo,DEF,1.8,Wolves,63,3084,0,2,5,62,0,0,0,10,1,0,0,455,508.8,395.7,165,107.2,0.97,1.69,2.65,69.09,0.03,0,0.05,0.08,2.02,1.81,0.15
Toti Gomes,Gomes,DEF,2.3,Wolves,82,2771,1,4,4,49,0,0,0,7,0,0,6,468,550,117.7,167,83.7,1.62,0.63,2.25,53.46,0.05,0,0.02,0.07,1.74,1.59,0.13
Boubacar Traoré,Traoré,MID,1,Wolves,25,802,0,0,0,23,0,0,0,4,0,0,0,122,114.4,106.5,27,25.2,0.28,0.33,0.61,18.74,0.03,0,0.04,0.07,2.1,2.58,0
Matheus Cunha,Santos Carneiro Da Cunha,FWD,4.2,Wolves,135,2438,12,7,6,46,0,0,0,9,0,0,15,520,786,409.8,872,206.4,9.49,2.97,12.46,48.51,0.35,0,0.11,0.46,1.79,1.7,0.22
Matt Doherty,Doherty,DEF,1.4,Wolves,41,1136,1,0,1,21,0,0,0,2,0,0,1,186,237.8,168.1,122,52.9,0.89,0.86,1.75,23.16,0.07,0,0.07,0.14,1.83,1.66,0.08
Santiago Bueno,Bueno,DEF,1.1,Wolves,13,819,0,0,0,18,0,0,0,1,0,0,0,124,173.8,27.1,2,20.3,0,0.01,0.01,20.71,0,0,0,0,2.28,1.98,0
Enso Gonzalez,Gonzalez,MID,1,Wolves,1,1,0,0,0,0,0,0,0,0,0,0,0,3,0.2,0.8,0,0.1,0,0,0,0,0,0,0,0,0,0,0
Nathan Fraser,Fraser,FWD,1,Wolves,7,183,0,0,1,3,0,0,0,1,0,0,0,17,22.4,29.2,36,8.6,0.32,0.06,0.38,3.25,0.16,0,0.03,0.19,1.6,1.48,0.49
Jean-Ricner Bellegarde,Bellegarde,MID,2,Wolves,45,948,2,2,0,24,0,0,0,0,1,0,1,150,189.8,170.1,163,52.2,1.35,0.76,2.11,26.15,0.13,0,0.07,0.2,2.48,2.28,0
Tawanda Chirewa,Chirewa,MID,1,Wolves,8,138,0,0,0,2,0,0,0,1,0,0,0,21,22,24.7,21,6.6,0.16,0.07,0.23,1.45,0.1,0,0.05,0.15,0.95,1.3,0
Leon Chiwome,Chiwome,FWD,1.7,Wolves,5,173,0,0,0,4,0,0,0,0,0,0,0,12,7.8,1.2,13,2.2,0.1,0.02,0.12,1.89,0.05,0,0.01,0.06,0.98,2.08,0
